OrderDate,CustomerID,Product,OrderTotal,Discount,Returned
2024-06-14,C0275,Yoga Mat,24.47,0.0,1
2024-02-18,C0045,Desk Lamp,22.88,7.62,0
2024-08-10,C0031,Coffee Maker,50.27,0.0,0
2024-10-16,C0296,Wireless Earbuds,49.03,16.34,0
2024-10-26,C0069,Coffee Maker,50.05,0.0,1
2024-05-28,C0287,Coffee Maker,51.09,0.0,0
2024-12-15,C0191,Yoga Mat,17.27,5.75,0
2024-02-19,C0106,Sunglasses,27.36,9.12,1
2024-09-11,C0233,Sunglasses,34.49,0.0,0
2024-07-04,C0125,Water Bottle,14.25,0.0,0
2024-02-11,C0230,Winter Jacket,89.77,15.84,0
2024-05-27,C0085,Winter Jacket,120.56,0.0,0
2024-06-24,C0040,Yoga Mat,23.09,4.08,1
2024-10-12,C0180,Winter Jacket,116.36,0.0,0
2024-10-31,C0048,Bluetooth Speaker,34.54,6.1,1
2024-05-18,C0159,Bluetooth Speaker,41.58,0.0,1
2024-11-27,C0198,Winter Jacket,102.72,18.13,0
2024-12-08,C0060,Desk Lamp,23.07,4.07,0
2024-09-09,C0127,Running Shoes,80.21,0.0,0
2024-07-22,C0230,Coffee Maker,50.64,8.94,1
2024-07-24,C0282,Sunglasses,33.44,0.0,0
2024-05-22,C0078,Coffee Maker,51.3,9.05,0
2024-02-12,C0094,Yoga Mat,23.26,0.0,1
2024-05-14,C0290,Water Bottle,11.48,2.03,0
2024-06-12,C0028,Yoga Mat,19.46,6.49,0
2024-08-21,C0247,Sunglasses,29.11,5.14,0
2024-11-20,C0226,Coffee Maker,50.18,0.0,0
2024-03-24,C0291,Wireless Earbuds,58.08,0.0,0
2024-03-18,C0037,Sunglasses,32.21,0.0,0
2024-04-16,C0187,Winter Jacket,107.28,0.0,0
2024-08-30,C0239,Wireless Earbuds,47.07,8.31,0
2024-09-02,C0176,Bluetooth Speaker,38.49,0.0,0
2024-05-15,C0106,Bluetooth Speaker,42.63,0.0,0
2024-09-27,C0271,Desk Lamp,20.91,6.97,0
2024-06-01,C0086,Wireless Earbuds,62.35,0.0,0
2024-07-01,C0115,Backpack,33.97,11.32,0
2024-11-09,C0117,Backpack,40.59,7.16,0
2024-04-12,C0144,Sunglasses,34.95,0.0,0
2024-08-29,C0229,Water Bottle,10.56,3.52,0
2024-06-27,C0101,Desk Lamp,27.48,0.0,0
2024-06-21,C0246,Backpack,33.63,11.21,0
2024-11-30,C0062,Desk Lamp,31.8,0.0,0
2024-07-17,C0171,Backpack,44.8,0.0,0
2024-02-14,C0088,Coffee Maker,54.59,0.0,0
2024-03-06,C0075,Running Shoes,67.21,11.86,0
2024-11-09,C0281,Winter Jacket,120.57,0.0,0
2024-03-08,C0072,Running Shoes,76.74,0.0,0
2024-08-10,C0109,Backpack,47.94,0.0,1
2024-05-29,C0279,Sunglasses,24.89,8.29,0
2024-08-02,C0299,Yoga Mat,22.8,0.0,0
2024-09-21,C0078,Coffee Maker,43.95,14.65,0
2024-09-25,C0003,Sunglasses,26.89,4.74,0
2024-03-17,C0285,Yoga Mat,17.41,5.8,0
2024-02-01,C0055,Desk Lamp,23.32,7.77,0
2024-10-13,C0051,Running Shoes,80.72,0.0,1
2024-09-16,C0259,Bluetooth Speaker,40.49,0.0,0
2024-11-06,C0274,Sunglasses,32.9,0.0,0
2024-09-01,C0133,Sunglasses,28.57,9.52,0
2024-10-13,C0201,Backpack,48.06,0.0,0
2024-08-14,C0109,Desk Lamp,27.44,0.0,0
2024-12-08,C0188,Water Bottle,15.85,0.0,0
2024-03-14,C0049,Water Bottle,13.73,2.42,0
2024-07-22,C0221,Bluetooth Speaker,37.3,0.0,0
2024-09-20,C0048,Coffee Maker,53.23,0.0,0
2024-07-06,C0010,Running Shoes,69.91,12.34,0
2024-07-15,C0033,Desk Lamp,30.1,0.0,0
2024-02-27,C0140,Backpack,49.25,0.0,1
2024-01-21,C0133,Yoga Mat,23.85,0.0,0
2024-07-26,C0168,Yoga Mat,18.89,6.29,0
2024-02-15,C0038,Water Bottle,13.67,0.0,0
2024-05-17,C0114,Running Shoes,87.29,0.0,1
2024-02-04,C0284,Water Bottle,13.68,2.41,1
2024-08-01,C0123,Water Bottle,15.37,0.0,0
2024-02-26,C0160,Yoga Mat,23.81,0.0,0
2024-11-17,C0257,Water Bottle,15.09,0.0,0
2024-12-10,C0019,Yoga Mat,23.85,0.0,0
2024-01-08,C0264,Running Shoes,66.72,22.24,0
2024-08-31,C0222,Backpack,48.91,0.0,0
2024-12-02,C0158,Bluetooth Speaker,34.31,6.06,0
2024-12-18,C0072,Backpack,49.34,0.0,0
2024-07-26,C0131,Desk Lamp,32.89,0.0,1
2024-08-08,C0145,Yoga Mat,19.36,3.42,0
2024-11-02,C0081,Backpack,46.73,0.0,0
2024-05-17,C0281,Bluetooth Speaker,36.03,0.0,0
2024-06-14,C0094,Backpack,40.81,0.0,0
2024-01-01,C0103,Desk Lamp,24.9,4.39,0
2024-05-07,C0046,Sunglasses,36.93,0.0,0
2024-03-14,C0156,Coffee Maker,47.56,8.39,1
2024-11-18,C0080,Backpack,30.95,10.31,0
2024-12-02,C0254,Winter Jacket,107.57,0.0,0
2024-03-17,C0263,Water Bottle,15.67,0.0,1
2024-11-17,C0269,Coffee Maker,43.18,14.39,0
2024-09-15,C0118,Winter Jacket,117.37,0.0,0
2024-02-13,C0193,Running Shoes,77.21,0.0,0
2024-08-19,C0126,Sunglasses,31.86,0.0,0
2024-09-07,C0258,Water Bottle,13.51,0.0,0
2024-10-01,C0243,Wireless Earbuds,61.91,0.0,0
2024-05-09,C0106,Wireless Earbuds,64.15,0.0,0
2024-04-28,C0148,Bluetooth Speaker,33.96,5.99,1
2024-01-24,C0076,Winter Jacket,112.92,0.0,1
2024-06-18,C0069,Water Bottle,15.45,0.0,0
2024-01-07,C0051,Bluetooth Speaker,36.49,0.0,0
2024-12-20,C0147,Backpack,46.58,0.0,0
2024-08-25,C0282,Bluetooth Speaker,39.73,0.0,0
2024-04-12,C0235,Water Bottle,13.97,2.46,1
2024-02-09,C0199,Sunglasses,32.54,5.74,0
2024-04-17,C0269,Backpack,41.17,0.0,0
2024-05-14,C0058,Desk Lamp,20.85,6.95,0
2024-12-26,C0082,Desk Lamp,24.13,4.26,0
2024-01-02,C0073,Bluetooth Speaker,35.23,6.22,0
2024-08-01,C0001,Desk Lamp,29.26,0.0,0
2024-06-15,C0101,Desk Lamp,32.03,0.0,0
2024-01-07,C0040,Water Bottle,14.26,0.0,0
2024-07-03,C0027,Coffee Maker,57.81,0.0,0
2024-12-04,C0137,Water Bottle,15.4,0.0,0
2024-08-11,C0220,Sunglasses,33.71,0.0,0
2024-01-15,C0042,Coffee Maker,44.66,14.89,0
2024-01-26,C0147,Coffee Maker,54.46,0.0,0
2024-09-05,C0242,Running Shoes,69.0,23.0,0
2024-07-31,C0134,Desk Lamp,28.69,0.0,0
2024-07-26,C0062,Backpack,32.41,10.8,0
2024-03-26,C0255,Yoga Mat,17.16,5.72,0
2024-10-08,C0231,Backpack,44.58,0.0,0
2024-08-06,C0176,Yoga Mat,25.24,0.0,0
2024-10-11,C0292,Wireless Earbuds,57.83,0.0,0
2024-04-13,C0269,Running Shoes,75.85,13.39,0
2024-04-17,C0295,Coffee Maker,52.47,0.0,0
2024-07-03,C0111,Yoga Mat,19.45,6.48,0
2024-02-17,C0229,Water Bottle,13.76,2.43,0
2024-08-09,C0218,Water Bottle,16.05,0.0,0
2024-12-29,C0201,Bluetooth Speaker,37.19,6.56,1
2024-09-27,C0115,Bluetooth Speaker,43.78,0.0,0
2024-03-20,C0235,Yoga Mat,25.11,0.0,0
2024-02-13,C0120,Sunglasses,36.94,0.0,0
2024-10-18,C0129,Running Shoes,87.47,0.0,0
2024-09-27,C0154,Coffee Maker,57.18,0.0,0
2024-09-25,C0001,Winter Jacket,103.22,0.0,0
2024-01-06,C0162,Sunglasses,28.57,5.04,0
2024-11-26,C0015,Backpack,44.78,0.0,0
2024-07-29,C0216,Water Bottle,13.67,0.0,0
2024-02-11,C0117,Water Bottle,12.05,2.13,0
2024-09-09,C0203,Running Shoes,75.08,13.25,0
2024-04-11,C0254,Running Shoes,67.54,22.51,1
2024-04-12,C0114,Water Bottle,15.8,0.0,0
2024-05-15,C0096,Water Bottle,10.37,3.46,0
2024-04-24,C0075,Bluetooth Speaker,39.34,0.0,0
2024-07-20,C0027,Running Shoes,60.09,20.03,0
2024-12-29,C0161,Running Shoes,67.69,11.94,0
2024-02-27,C0269,Wireless Earbuds,65.18,0.0,0
2024-08-27,C0170,Running Shoes,69.53,12.27,0
2024-08-14,C0180,Yoga Mat,23.04,0.0,0
2024-08-03,C0159,Wireless Earbuds,60.73,0.0,0
2024-08-09,C0278,Wireless Earbuds,46.4,8.19,0
2024-08-16,C0211,Backpack,36.9,6.51,1
2024-05-06,C0032,Coffee Maker,49.95,0.0,0
2024-05-11,C0140,Backpack,35.42,11.81,0
2024-06-20,C0153,Winter Jacket,99.96,0.0,0
2024-01-02,C0120,Winter Jacket,119.16,0.0,1
2024-02-24,C0198,Bluetooth Speaker,35.46,6.26,0
2024-05-08,C0094,Coffee Maker,58.46,0.0,0
2024-01-05,C0168,Water Bottle,15.97,0.0,0
2024-06-12,C0102,Bluetooth Speaker,29.17,9.72,1
2024-07-19,C0247,Yoga Mat,23.74,0.0,0
2024-10-09,C0037,Sunglasses,28.71,5.07,0
2024-05-15,C0229,Winter Jacket,100.85,0.0,0
2024-03-29,C0121,Backpack,35.45,6.25,0
2024-10-02,C0291,Wireless Earbuds,63.36,0.0,0
2024-05-17,C0127,Desk Lamp,28.52,0.0,0
2024-04-05,C0297,Backpack,42.62,0.0,0
2024-04-06,C0260,Desk Lamp,27.39,0.0,0
2024-09-26,C0019,Backpack,46.35,0.0,0
2024-02-22,C0192,Running Shoes,84.57,0.0,0
2024-01-21,C0299,Water Bottle,14.2,0.0,0
2024-04-09,C0134,Wireless Earbuds,58.47,0.0,0
2024-12-06,C0180,Running Shoes,58.73,19.57,0
2024-04-21,C0131,Running Shoes,82.77,0.0,1
2024-01-20,C0168,Winter Jacket,115.11,0.0,0
2024-07-28,C0017,Desk Lamp,28.11,0.0,1
2024-09-10,C0203,Sunglasses,29.65,5.23,0
2024-12-05,C0084,Sunglasses,24.44,8.14,0
2024-07-22,C0214,Water Bottle,14.73,0.0,0
2024-01-27,C0010,Water Bottle,15.74,0.0,0
2024-07-05,C0004,Backpack,37.42,6.6,0
2024-08-10,C0187,Yoga Mat,24.62,0.0,0
2024-08-23,C0204,Yoga Mat,23.15,0.0,0
2024-02-15,C0088,Winter Jacket,112.69,0.0,0
2024-03-15,C0035,Desk Lamp,21.53,7.17,0
2024-02-25,C0023,Coffee Maker,54.9,0.0,0
2024-09-04,C0083,Desk Lamp,23.22,4.1,1
2024-11-23,C0243,Backpack,34.57,11.52,0
2024-04-03,C0081,Winter Jacket,88.23,15.57,0
2024-07-15,C0099,Desk Lamp,27.74,0.0,0
2024-01-22,C0166,Sunglasses,37.4,0.0,0
2024-03-01,C0157,Coffee Maker,42.07,14.02,0
2024-11-28,C0189,Coffee Maker,52.89,0.0,0
2024-08-16,C0251,Sunglasses,34.57,0.0,1
2024-08-26,C0235,Backpack,33.39,11.13,0
2024-04-01,C0221,Bluetooth Speaker,39.2,0.0,0
2024-07-06,C0021,Wireless Earbuds,47.72,15.91,0
2024-01-21,C0262,Yoga Mat,22.91,0.0,0
2024-02-10,C0070,Running Shoes,75.9,13.39,0
2024-01-14,C0252,Wireless Earbuds,65.95,0.0,0
2024-05-27,C0180,Yoga Mat,25.93,0.0,1
2024-11-08,C0234,Water Bottle,10.48,3.5,0
2024-03-14,C0135,Water Bottle,12.76,2.25,0
2024-11-11,C0094,Sunglasses,33.16,0.0,1
2024-07-25,C0193,Yoga Mat,25.68,0.0,0
2024-03-27,C0185,Water Bottle,10.39,3.46,1
2024-08-19,C0275,Sunglasses,35.15,0.0,0
2024-11-18,C0189,Coffee Maker,57.62,0.0,0
2024-10-22,C0091,Yoga Mat,24.3,0.0,0
2024-11-11,C0161,Running Shoes,61.15,20.39,0
2024-01-01,C0222,Running Shoes,80.27,0.0,0
2024-08-01,C0117,Sunglasses,34.05,0.0,0
2024-11-09,C0156,Running Shoes,76.88,0.0,0
2024-02-24,C0155,Sunglasses,34.0,0.0,0
2024-10-28,C0082,Yoga Mat,17.64,5.88,0
2024-03-09,C0231,Running Shoes,92.42,0.0,0
2024-02-19,C0136,Wireless Earbuds,61.66,0.0,0
2024-01-06,C0297,Running Shoes,65.6,21.86,0
2024-08-15,C0001,Winter Jacket,101.68,17.94,0
2024-01-23,C0082,Running Shoes,72.71,12.83,0
2024-01-30,C0101,Wireless Earbuds,40.61,13.54,0
2024-03-13,C0213,Coffee Maker,38.77,12.92,0
2024-11-09,C0025,Yoga Mat,25.04,0.0,0
2024-09-01,C0239,Sunglasses,26.81,4.73,0
2024-02-11,C0020,Bluetooth Speaker,37.4,0.0,0
2024-03-04,C0137,Desk Lamp,32.35,0.0,0
2024-11-21,C0152,Sunglasses,27.19,9.06,0
2024-11-24,C0134,Backpack,30.95,10.32,1
2024-04-30,C0200,Backpack,49.0,0.0,0
2024-06-17,C0272,Winter Jacket,78.19,26.07,0
2024-12-23,C0120,Running Shoes,77.42,13.66,0
2024-10-19,C0040,Water Bottle,13.49,2.38,0
2024-10-16,C0083,Yoga Mat,23.22,0.0,0
2024-06-25,C0022,Yoga Mat,26.0,0.0,1
2024-12-22,C0187,Wireless Earbuds,62.84,0.0,0
2024-04-12,C0197,Sunglasses,37.74,0.0,0
2024-02-24,C0045,Backpack,42.35,0.0,1
2024-11-19,C0105,Water Bottle,14.93,0.0,0
2024-05-30,C0132,Desk Lamp,29.02,0.0,1
2024-05-24,C0258,Running Shoes,88.67,0.0,0
2024-08-31,C0016,Water Bottle,15.35,0.0,0
2024-08-11,C0025,Sunglasses,36.91,0.0,0
2024-10-02,C0148,Winter Jacket,103.76,0.0,0
2024-03-28,C0028,Coffee Maker,49.51,0.0,0
2024-01-03,C0095,Desk Lamp,25.45,4.49,0
2024-09-10,C0082,Winter Jacket,79.98,26.66,0
2024-05-25,C0057,Backpack,48.94,0.0,0
2024-11-21,C0168,Wireless Earbuds,44.91,14.97,0
2024-07-01,C0045,Wireless Earbuds,50.0,8.82,0
2024-08-04,C0280,Running Shoes,82.82,0.0,0
2024-09-13,C0065,Yoga Mat,24.4,0.0,0
2024-09-29,C0179,Winter Jacket,86.7,28.9,0
2024-10-24,C0166,Desk Lamp,25.61,4.52,0
2024-03-27,C0065,Bluetooth Speaker,39.51,0.0,0
2024-06-20,C0137,Bluetooth Speaker,41.14,0.0,0
2024-06-03,C0168,Winter Jacket,102.4,0.0,0
2024-11-04,C0097,Sunglasses,33.94,0.0,0
2024-05-12,C0078,Wireless Earbuds,55.98,0.0,0
2024-03-16,C0056,Water Bottle,13.35,2.35,0
2024-11-22,C0007,Wireless Earbuds,48.76,8.61,0
2024-07-23,C0152,Coffee Maker,42.85,14.28,0
2024-08-25,C0003,Running Shoes,59.18,19.73,0
2024-05-04,C0216,Coffee Maker,42.91,14.3,0
2024-04-27,C0233,Winter Jacket,117.75,0.0,0
2024-08-09,C0125,Desk Lamp,28.56,0.0,0
2024-07-23,C0011,Yoga Mat,20.19,3.56,0
2024-11-14,C0168,Coffee Maker,55.2,0.0,0
2024-01-06,C0279,Coffee Maker,58.65,0.0,1
2024-04-21,C0052,Yoga Mat,26.08,0.0,0
2024-10-21,C0190,Bluetooth Speaker,34.28,6.05,0
2024-09-24,C0095,Desk Lamp,25.04,4.42,0
2024-07-19,C0183,Sunglasses,36.84,0.0,0
2024-11-22,C0007,Running Shoes,68.67,12.12,0
2024-02-08,C0056,Coffee Maker,59.57,0.0,0
2024-04-24,C0201,Water Bottle,11.79,3.93,0
2024-08-24,C0099,Backpack,41.98,0.0,0
2024-08-28,C0212,Sunglasses,36.54,0.0,0
2024-08-27,C0241,Water Bottle,15.78,0.0,0
2024-06-30,C0219,Backpack,36.47,6.44,0
2024-12-13,C0155,Yoga Mat,24.91,0.0,0
2024-06-13,C0186,Bluetooth Speaker,29.91,9.97,0
2024-03-19,C0290,Water Bottle,16.06,0.0,1
2024-06-15,C0008,Yoga Mat,25.15,0.0,0
2024-12-02,C0129,Running Shoes,80.07,0.0,0
2024-11-07,C0232,Wireless Earbuds,60.94,0.0,0
2024-06-26,C0086,Yoga Mat,20.01,3.53,0
2024-11-08,C0281,Winter Jacket,120.5,0.0,0
2024-11-21,C0225,Water Bottle,14.09,0.0,0
2024-12-09,C0072,Wireless Earbuds,60.66,0.0,0
2024-08-30,C0074,Bluetooth Speaker,34.39,6.07,0
2024-12-24,C0004,Bluetooth Speaker,37.97,0.0,0
2024-03-23,C0152,Desk Lamp,22.36,7.45,0
2024-08-26,C0185,Desk Lamp,29.55,0.0,0
2024-11-21,C0170,Running Shoes,76.85,0.0,0
2024-02-18,C0213,Sunglasses,34.89,0.0,1
2024-11-16,C0270,Yoga Mat,24.19,0.0,0
2024-10-10,C0284,Backpack,43.06,0.0,0
2024-01-27,C0258,Water Bottle,12.22,2.16,0
2024-05-19,C0061,Sunglasses,33.91,0.0,0
2024-06-18,C0045,Backpack,43.35,0.0,0
2024-01-21,C0026,Coffee Maker,48.83,8.62,0
2024-07-23,C0244,Water Bottle,13.83,0.0,0
2024-11-07,C0076,Running Shoes,67.43,22.48,0
2024-11-16,C0235,Winter Jacket,118.28,0.0,0
2024-11-16,C0216,Yoga Mat,23.01,0.0,0
2024-02-21,C0288,Running Shoes,82.77,0.0,0
2024-12-29,C0164,Water Bottle,16.09,0.0,0
2024-01-11,C0028,Coffee Maker,41.8,13.93,0
2024-09-11,C0216,Winter Jacket,110.49,0.0,0
2024-10-21,C0080,Coffee Maker,54.41,0.0,0
2024-08-31,C0109,Coffee Maker,55.54,0.0,0
2024-03-18,C0063,Running Shoes,83.76,0.0,0
2024-02-15,C0142,Backpack,48.33,0.0,0
2024-10-18,C0188,Backpack,44.56,0.0,0
2024-12-21,C0286,Yoga Mat,26.15,0.0,0
2024-12-29,C0027,Bluetooth Speaker,39.68,0.0,0
2024-01-17,C0160,Running Shoes,58.15,19.38,1
2024-06-08,C0162,Winter Jacket,87.25,15.4,0
2024-07-07,C0075,Winter Jacket,97.76,17.25,0
2024-02-29,C0214,Desk Lamp,32.72,0.0,0
2024-09-01,C0291,Coffee Maker,49.35,8.71,0
2024-06-19,C0171,Water Bottle,10.76,3.58,0
2024-11-06,C0220,Running Shoes,67.97,22.66,0
2024-05-06,C0120,Coffee Maker,45.7,8.06,0
2024-08-19,C0217,Water Bottle,15.57,0.0,0
2024-03-21,C0073,Winter Jacket,119.25,0.0,0
2024-10-19,C0256,Yoga Mat,17.9,5.97,0
2024-06-26,C0196,Sunglasses,24.07,8.03,0
2024-04-12,C0239,Backpack,43.29,0.0,0
2024-12-28,C0198,Backpack,36.62,12.21,0
2024-08-23,C0120,Sunglasses,32.11,0.0,0
2024-07-22,C0268,Winter Jacket,110.46,0.0,0
2024-06-13,C0099,Bluetooth Speaker,40.05,0.0,0
2024-02-17,C0289,Yoga Mat,26.53,0.0,0
2024-07-02,C0253,Coffee Maker,58.08,0.0,0
2024-07-10,C0080,Wireless Earbuds,49.69,8.77,0
2024-06-10,C0011,Winter Jacket,99.67,0.0,0
2024-02-18,C0291,Running Shoes,59.98,20.0,0
2024-04-19,C0229,Water Bottle,16.28,0.0,0
2024-10-30,C0174,Winter Jacket,120.2,0.0,0
2024-04-12,C0286,Yoga Mat,24.39,0.0,1
2024-07-08,C0204,Bluetooth Speaker,39.89,0.0,0
2024-03-02,C0046,Wireless Earbuds,42.82,14.27,0
2024-12-08,C0190,Sunglasses,29.11,5.14,0
2024-04-30,C0031,Backpack,42.05,0.0,0
2024-10-10,C0263,Running Shoes,90.73,0.0,0
2024-12-29,C0003,Bluetooth Speaker,36.45,0.0,0
2024-04-11,C0054,Water Bottle,12.98,2.29,0
2024-08-29,C0247,Desk Lamp,24.85,4.38,0
2024-07-13,C0007,Yoga Mat,24.71,0.0,0
2024-08-27,C0113,Backpack,47.69,0.0,0
2024-02-09,C0050,Winter Jacket,118.07,0.0,0
2024-07-16,C0166,Running Shoes,74.1,13.08,0
2024-04-29,C0114,Bluetooth Speaker,36.92,0.0,0
2024-01-30,C0225,Yoga Mat,19.55,6.52,0
2024-03-17,C0139,Water Bottle,14.75,0.0,0
2024-10-19,C0056,Water Bottle,14.5,0.0,0
2024-06-11,C0263,Bluetooth Speaker,43.23,0.0,0
2024-01-30,C0104,Backpack,45.54,0.0,0
2024-07-05,C0050,Coffee Maker,60.4,0.0,0
2024-07-18,C0151,Water Bottle,14.75,0.0,1
2024-03-14,C0072,Running Shoes,63.02,21.0,0
2024-08-14,C0185,Running Shoes,67.44,22.48,0
2024-08-10,C0093,Running Shoes,92.0,0.0,0
2024-03-11,C0101,Yoga Mat,25.11,0.0,0
2024-11-03,C0141,Wireless Earbuds,47.96,15.99,0
2024-03-30,C0104,Backpack,41.73,0.0,0
2024-01-06,C0029,Wireless Earbuds,46.73,15.58,0
2024-09-22,C0210,Desk Lamp,24.66,4.35,0
2024-09-01,C0289,Yoga Mat,26.86,0.0,0
2024-07-06,C0003,Running Shoes,79.28,0.0,0
2024-07-01,C0183,Sunglasses,28.51,9.51,1
2024-05-05,C0032,Desk Lamp,26.92,4.75,0
2024-05-29,C0014,Wireless Earbuds,55.63,9.82,0
2024-09-28,C0115,Sunglasses,32.44,0.0,0
2024-11-12,C0016,Yoga Mat,23.34,0.0,0
2024-01-10,C0296,Wireless Earbuds,65.12,0.0,0
2024-08-25,C0049,Sunglasses,28.19,4.98,0
2024-04-01,C0257,Running Shoes,68.97,12.17,0
2024-05-23,C0278,Wireless Earbuds,47.14,8.32,0
2024-10-30,C0237,Backpack,48.25,0.0,0
2024-07-22,C0200,Yoga Mat,27.24,0.0,0
2024-12-21,C0203,Coffee Maker,42.05,14.02,0
2024-01-27,C0224,Desk Lamp,29.03,0.0,0
2024-10-15,C0265,Desk Lamp,23.92,7.97,1
2024-03-16,C0006,Desk Lamp,24.23,4.27,0
2024-07-05,C0103,Wireless Earbuds,60.37,0.0,0
2024-09-15,C0233,Running Shoes,68.28,12.05,0
2024-11-20,C0137,Running Shoes,90.26,0.0,1
2024-12-13,C0019,Winter Jacket,78.77,26.25,0
2024-11-14,C0122,Wireless Earbuds,42.76,14.25,1
2024-01-21,C0062,Water Bottle,13.84,0.0,0
2024-01-31,C0044,Winter Jacket,90.08,30.02,0
2024-08-26,C0262,Winter Jacket,110.74,0.0,0
2024-03-08,C0125,Water Bottle,12.19,4.06,0
2024-02-14,C0292,Sunglasses,28.48,5.03,0
2024-04-23,C0281,Coffee Maker,51.71,0.0,0
2024-06-04,C0171,Winter Jacket,109.51,0.0,1
2024-04-23,C0203,Backpack,38.34,6.77,0
2024-01-07,C0167,Desk Lamp,27.97,0.0,0
2024-09-08,C0012,Water Bottle,14.35,0.0,0
2024-03-22,C0032,Sunglasses,31.97,0.0,0
2024-09-21,C0056,Coffee Maker,58.68,0.0,0
2024-09-23,C0181,Backpack,49.4,0.0,0
2024-03-12,C0266,Backpack,46.05,0.0,0
2024-02-18,C0053,Bluetooth Speaker,38.15,0.0,0
2024-01-03,C0204,Coffee Maker,43.44,14.48,0
2024-10-19,C0057,Yoga Mat,24.59,0.0,0
2024-07-13,C0150,Bluetooth Speaker,41.54,0.0,0
2024-06-29,C0165,Coffee Maker,41.47,13.82,0
2024-01-04,C0156,Bluetooth Speaker,39.05,0.0,0
2024-03-15,C0170,Coffee Maker,41.87,13.96,0
2024-06-14,C0219,Winter Jacket,117.44,0.0,0
2024-01-06,C0154,Running Shoes,57.98,19.33,0
2024-10-01,C0265,Water Bottle,12.85,2.27,0
2024-12-16,C0180,Coffee Maker,53.78,0.0,1
2024-08-19,C0210,Running Shoes,66.0,22.0,0
2024-07-10,C0079,Sunglasses,25.73,8.58,0
2024-04-06,C0176,Coffee Maker,46.62,8.23,0
2024-12-20,C0163,Sunglasses,36.73,0.0,0
2024-07-06,C0151,Wireless Earbuds,47.93,15.98,0
2024-12-19,C0216,Desk Lamp,23.94,7.98,0
2024-11-19,C0097,Yoga Mat,18.84,6.28,0
2024-07-30,C0181,Yoga Mat,17.1,5.7,0
2024-10-18,C0158,Running Shoes,88.26,0.0,0
2024-12-29,C0051,Sunglasses,31.53,0.0,0
2024-10-27,C0284,Running Shoes,87.86,0.0,0
2024-10-17,C0074,Water Bottle,12.08,4.03,0
2024-10-21,C0266,Backpack,44.2,0.0,0
2024-09-17,C0268,Wireless Earbuds,54.35,0.0,0
2024-09-08,C0297,Bluetooth Speaker,40.9,0.0,0
2024-06-14,C0017,Yoga Mat,26.08,0.0,0
2024-05-16,C0099,Wireless Earbuds,48.23,16.08,1
2024-08-18,C0203,Winter Jacket,107.48,0.0,0
2024-10-25,C0115,Running Shoes,62.98,20.99,0
2024-01-23,C0234,Yoga Mat,27.15,0.0,0
2024-06-04,C0035,Coffee Maker,47.71,8.42,0
2024-05-04,C0159,Coffee Maker,42.69,14.23,0
2024-07-23,C0088,Bluetooth Speaker,36.18,0.0,1
2024-07-02,C0186,Coffee Maker,51.55,0.0,0
2024-02-28,C0034,Desk Lamp,25.67,4.53,0
2024-03-04,C0199,Coffee Maker,58.58,0.0,0
2024-04-07,C0143,Bluetooth Speaker,38.27,0.0,0
2024-12-06,C0067,Running Shoes,82.3,0.0,0
2024-02-17,C0240,Backpack,42.93,0.0,0
2024-05-02,C0193,Yoga Mat,24.34,0.0,0
2024-11-18,C0117,Winter Jacket,88.04,15.54,0
2024-08-19,C0226,Yoga Mat,27.21,0.0,0
2024-10-27,C0109,Desk Lamp,25.68,4.53,0
2024-03-05,C0139,Wireless Earbuds,62.13,0.0,0
2024-07-16,C0008,Running Shoes,65.76,21.92,0
2024-07-18,C0056,Wireless Earbuds,62.34,0.0,0
2024-02-04,C0099,Sunglasses,28.43,9.47,0
2024-02-03,C0205,Water Bottle,13.76,0.0,0
2024-05-24,C0068,Desk Lamp,25.01,4.41,0
2024-05-21,C0013,Yoga Mat,22.65,0.0,0
2024-12-03,C0051,Bluetooth Speaker,32.29,5.7,0
2024-04-03,C0021,Water Bottle,10.39,3.46,0
2024-07-26,C0156,Running Shoes,73.82,13.03,0
2024-03-20,C0092,Coffee Maker,43.22,14.4,0
2024-10-16,C0223,Backpack,34.22,11.41,0
2024-12-09,C0147,Winter Jacket,106.68,0.0,0
2024-01-22,C0057,Winter Jacket,112.36,0.0,0
2024-01-20,C0045,Desk Lamp,28.26,0.0,0
2024-08-01,C0144,Coffee Maker,45.36,15.12,0
2024-09-26,C0175,Wireless Earbuds,49.46,8.73,0
2024-12-20,C0106,Sunglasses,31.17,5.5,0
2024-08-07,C0097,Sunglasses,37.43,0.0,0
2024-01-23,C0121,Sunglasses,25.0,8.33,0
2024-10-05,C0178,Water Bottle,14.25,0.0,0
2024-07-29,C0250,Wireless Earbuds,56.42,0.0,0
2024-12-09,C0228,Bluetooth Speaker,37.9,0.0,1
2024-03-09,C0073,Desk Lamp,31.19,0.0,0
2024-10-27,C0087,Winter Jacket,104.3,0.0,0
2024-12-12,C0208,Yoga Mat,21.67,3.82,0
2024-04-15,C0106,Wireless Earbuds,62.28,0.0,0
2024-01-23,C0159,Running Shoes,91.73,0.0,0
2024-08-17,C0186,Wireless Earbuds,47.55,8.39,0
2024-05-28,C0249,Yoga Mat,25.29,0.0,1
2024-02-12,C0251,Desk Lamp,24.66,8.22,0
2024-08-10,C0184,Bluetooth Speaker,28.14,9.38,0
2024-02-16,C0041,Water Bottle,15.38,0.0,0
2024-03-11,C0152,Running Shoes,65.39,11.54,0
2024-07-07,C0087,Yoga Mat,20.48,6.83,0
2024-02-22,C0183,Water Bottle,15.73,0.0,0
2024-06-12,C0130,Backpack,32.86,10.96,0
2024-05-02,C0207,Running Shoes,57.9,19.3,0
2024-01-26,C0154,Backpack,38.21,6.74,0
2024-11-04,C0084,Winter Jacket,112.78,0.0,0
2024-03-11,C0021,Bluetooth Speaker,34.93,6.16,1
2024-08-13,C0262,Bluetooth Speaker,37.53,0.0,1
2024-08-05,C0216,Yoga Mat,23.92,0.0,0
2024-06-22,C0085,Wireless Earbuds,59.26,0.0,0
2024-07-12,C0291,Water Bottle,10.13,3.38,0
2024-04-10,C0220,Bluetooth Speaker,36.68,0.0,0
2024-09-30,C0031,Yoga Mat,20.53,6.84,0
2024-12-12,C0216,Desk Lamp,30.65,0.0,0
2024-07-07,C0176,Bluetooth Speaker,41.25,0.0,0
2024-09-28,C0230,Running Shoes,90.92,0.0,0
2024-12-19,C0298,Wireless Earbuds,41.82,13.94,0
2024-08-01,C0134,Desk Lamp,22.64,7.54,0
2024-02-28,C0058,Backpack,42.12,0.0,0
2024-04-23,C0129,Water Bottle,15.45,0.0,0
2024-12-29,C0294,Bluetooth Speaker,32.15,5.67,0
2024-12-22,C0209,Wireless Earbuds,47.12,15.71,0
2024-12-13,C0282,Wireless Earbuds,63.6,0.0,0
2024-09-16,C0201,Wireless Earbuds,46.14,15.38,0
2024-10-05,C0048,Yoga Mat,27.34,0.0,0
2024-03-11,C0025,Desk Lamp,31.66,0.0,0
2024-07-09,C0236,Running Shoes,57.57,19.19,0
2024-06-02,C0045,Wireless Earbuds,53.12,9.37,0
2024-11-14,C0175,Backpack,45.57,0.0,0
2024-12-14,C0263,Running Shoes,90.54,0.0,0
2024-09-25,C0181,Desk Lamp,31.33,0.0,0
2024-02-21,C0125,Desk Lamp,22.72,7.57,0
2024-05-10,C0298,Desk Lamp,23.94,4.22,1
2024-08-13,C0133,Wireless Earbuds,53.97,9.52,0
2024-04-04,C0195,Yoga Mat,25.27,0.0,0
2024-03-14,C0138,Winter Jacket,88.69,29.57,0
2024-08-15,C0248,Running Shoes,76.92,0.0,0
2024-01-17,C0201,Running Shoes,58.33,19.44,0
2024-08-31,C0265,Yoga Mat,22.07,3.89,0
2024-02-08,C0068,Desk Lamp,28.98,0.0,0
2024-10-28,C0240,Winter Jacket,99.96,0.0,0
2024-06-18,C0172,Winter Jacket,109.3,0.0,0
2024-10-23,C0024,Bluetooth Speaker,38.67,0.0,0
2024-11-19,C0140,Yoga Mat,26.13,0.0,0
2024-02-02,C0271,Sunglasses,38.44,0.0,0
2024-10-26,C0049,Yoga Mat,27.46,0.0,0
2024-04-12,C0145,Coffee Maker,56.46,0.0,0
2024-05-01,C0175,Yoga Mat,25.91,0.0,0
2024-07-04,C0282,Sunglasses,37.47,0.0,0
2024-07-26,C0247,Desk Lamp,27.36,0.0,0
2024-09-14,C0078,Desk Lamp,32.37,0.0,0
2024-03-10,C0203,Backpack,34.48,6.09,0
2024-10-18,C0155,Water Bottle,12.22,4.07,1
2024-06-06,C0175,Water Bottle,11.76,3.92,0
2024-02-07,C0156,Backpack,45.75,0.0,0
2024-10-24,C0220,Desk Lamp,32.92,0.0,0
2024-02-04,C0132,Bluetooth Speaker,38.55,0.0,0
2024-10-06,C0011,Running Shoes,89.39,0.0,0
2024-04-21,C0145,Running Shoes,83.29,0.0,0
2024-09-13,C0025,Wireless Earbuds,56.36,0.0,0
2024-02-10,C0070,Wireless Earbuds,47.78,15.93,0
2024-01-03,C0015,Backpack,42.94,0.0,0
2024-04-18,C0208,Desk Lamp,28.96,0.0,0
2024-11-08,C0045,Desk Lamp,23.84,4.21,0
2024-11-16,C0205,Winter Jacket,90.41,15.95,0
2024-05-11,C0289,Bluetooth Speaker,42.99,0.0,0
2024-11-30,C0169,Desk Lamp,20.51,6.83,0
2024-03-21,C0047,Wireless Earbuds,54.22,0.0,0
2024-07-02,C0285,Desk Lamp,22.16,7.38,0
2024-03-19,C0133,Winter Jacket,111.65,0.0,0
2024-12-30,C0282,Bluetooth Speaker,42.11,0.0,0
2024-12-27,C0141,Bluetooth Speaker,40.47,0.0,0
2024-03-08,C0186,Water Bottle,11.5,2.03,0
2024-03-18,C0069,Backpack,44.11,0.0,0
2024-03-03,C0094,Running Shoes,85.74,0.0,0
2024-05-12,C0083,Winter Jacket,107.04,0.0,0
2024-09-27,C0256,Running Shoes,82.46,0.0,0
2024-04-19,C0166,Desk Lamp,27.55,4.86,0
2024-01-14,C0206,Wireless Earbuds,61.92,0.0,1
2024-12-11,C0193,Desk Lamp,20.52,6.84,0
2024-12-02,C0223,Backpack,40.78,0.0,0
2024-05-03,C0143,Backpack,43.69,0.0,0
2024-06-01,C0245,Bluetooth Speaker,28.3,9.43,0
2024-05-16,C0003,Yoga Mat,26.61,0.0,1
2024-09-05,C0232,Backpack,31.46,10.49,0
2024-04-18,C0185,Winter Jacket,100.15,0.0,0
2024-01-24,C0153,Bluetooth Speaker,37.46,0.0,0
2024-12-16,C0005,Running Shoes,90.19,0.0,0
2024-03-09,C0087,Water Bottle,13.95,0.0,0
2024-08-25,C0204,Coffee Maker,50.49,0.0,0
2024-06-20,C0008,Running Shoes,86.45,0.0,0
2024-01-20,C0054,Yoga Mat,25.02,0.0,0
2024-01-11,C0057,Running Shoes,93.34,0.0,1
2024-03-02,C0092,Bluetooth Speaker,32.82,10.94,0
2024-04-24,C0058,Sunglasses,24.41,8.13,0
2024-09-28,C0111,Desk Lamp,32.04,0.0,0
2024-04-24,C0138,Wireless Earbuds,57.28,0.0,1
2024-02-05,C0285,Running Shoes,79.84,0.0,0
2024-07-04,C0279,Water Bottle,13.53,0.0,0
2024-05-24,C0138,Sunglasses,28.75,5.07,0
2024-07-23,C0078,Coffee Maker,45.05,7.95,0
2024-07-17,C0003,Coffee Maker,59.2,0.0,0
2024-05-02,C0194,Winter Jacket,110.02,0.0,0
2024-05-03,C0018,Backpack,46.47,0.0,0
2024-01-26,C0227,Coffee Maker,57.14,0.0,0
2024-10-08,C0241,Desk Lamp,22.3,7.43,1
2024-09-18,C0194,Desk Lamp,25.97,4.58,0
2024-06-30,C0165,Wireless Earbuds,44.04,14.68,0
2024-02-06,C0135,Sunglasses,27.11,9.04,0
2024-08-30,C0073,Desk Lamp,25.61,4.52,0
2024-02-03,C0188,Sunglasses,34.05,0.0,0
2024-05-02,C0023,Yoga Mat,19.77,3.49,0
2024-06-13,C0079,Coffee Maker,45.46,8.02,0
2024-12-25,C0268,Water Bottle,14.63,0.0,0
2024-09-23,C0149,Water Bottle,14.86,0.0,0
2024-08-16,C0090,Wireless Earbuds,50.48,8.91,0
2024-09-21,C0267,Yoga Mat,22.53,0.0,0
2024-12-04,C0196,Backpack,34.57,11.53,0
2024-05-09,C0030,Running Shoes,85.96,0.0,0
2024-10-29,C0166,Yoga Mat,18.02,6.01,0
2024-05-10,C0253,Backpack,36.46,6.43,0
2024-02-15,C0191,Backpack,41.65,0.0,0
2024-01-23,C0152,Bluetooth Speaker,39.01,0.0,0
2024-07-27,C0198,Coffee Maker,56.63,0.0,0
2024-10-23,C0298,Yoga Mat,27.12,0.0,0
2024-07-09,C0041,Wireless Earbuds,61.99,0.0,0
2024-08-16,C0014,Coffee Maker,45.76,8.07,0
2024-02-25,C0224,Winter Jacket,94.69,16.71,0
2024-07-31,C0252,Bluetooth Speaker,37.41,0.0,0
2024-03-10,C0103,Sunglasses,36.77,0.0,0
2024-07-24,C0199,Sunglasses,31.78,0.0,0
2024-08-23,C0008,Wireless Earbuds,55.08,0.0,0
2024-02-22,C0029,Bluetooth Speaker,36.71,0.0,0
2024-12-14,C0282,Backpack,39.87,7.03,0
2024-12-19,C0026,Coffee Maker,58.78,0.0,0
2024-11-16,C0004,Yoga Mat,24.1,0.0,0
2024-04-05,C0197,Sunglasses,33.42,0.0,1
2024-05-10,C0027,Water Bottle,11.38,3.79,0
2024-06-06,C0277,Water Bottle,12.11,2.14,0
2024-05-11,C0192,Water Bottle,14.11,0.0,0
2024-08-25,C0175,Bluetooth Speaker,41.68,0.0,0
2024-04-12,C0161,Bluetooth Speaker,32.52,10.84,0
2024-01-05,C0019,Sunglasses,23.98,7.99,0
2024-05-20,C0108,Backpack,47.66,0.0,0
2024-10-30,C0105,Winter Jacket,92.65,16.35,0
2024-01-30,C0037,Yoga Mat,24.67,0.0,1
2024-11-01,C0085,Bluetooth Speaker,28.08,9.36,0
2024-09-12,C0274,Backpack,46.56,0.0,0
2024-03-22,C0239,Yoga Mat,26.39,0.0,0
2024-02-18,C0132,Backpack,47.56,0.0,0
2024-12-27,C0069,Bluetooth Speaker,41.49,0.0,0
2024-01-22,C0299,Yoga Mat,26.68,0.0,0
2024-06-12,C0167,Sunglasses,36.54,0.0,0
2024-10-07,C0017,Backpack,41.87,0.0,0
2024-06-16,C0280,Coffee Maker,51.22,0.0,0
2024-12-21,C0221,Wireless Earbuds,56.38,0.0,0
2024-06-19,C0108,Coffee Maker,50.76,0.0,0
2024-12-01,C0010,Sunglasses,35.18,0.0,0
2024-09-11,C0299,Wireless Earbuds,56.41,0.0,0
2024-10-03,C0117,Wireless Earbuds,47.96,8.46,0
2024-10-23,C0001,Water Bottle,10.2,3.4,0
2024-06-25,C0171,Backpack,49.0,0.0,1
2024-06-28,C0092,Bluetooth Speaker,39.85,0.0,0
2024-02-26,C0283,Water Bottle,11.95,3.98,0
2024-02-27,C0021,Yoga Mat,21.66,3.82,1
2024-09-19,C0181,Winter Jacket,101.14,0.0,0
2024-02-09,C0047,Desk Lamp,31.37,0.0,0
2024-06-18,C0134,Running Shoes,77.2,13.62,0
2024-02-18,C0139,Wireless Earbuds,64.55,0.0,0
2024-10-01,C0292,Sunglasses,27.47,4.85,0
2024-10-01,C0146,Running Shoes,85.12,0.0,0
2024-07-25,C0274,Sunglasses,32.92,0.0,0
2024-09-13,C0028,Backpack,48.52,0.0,0
2024-09-07,C0088,Winter Jacket,103.64,0.0,1
2024-03-19,C0266,Water Bottle,14.02,2.47,0
2024-02-26,C0297,Water Bottle,15.21,0.0,1
2024-04-21,C0032,Backpack,32.02,10.67,0
2024-05-05,C0090,Wireless Earbuds,61.19,0.0,1
2024-06-04,C0094,Desk Lamp,23.38,4.12,0
2024-01-06,C0017,Desk Lamp,27.74,4.9,0
2024-02-15,C0078,Backpack,31.37,10.46,0
2024-06-25,C0035,Yoga Mat,23.52,0.0,0
2024-01-02,C0036,Bluetooth Speaker,27.23,9.07,0
2024-11-04,C0211,Wireless Earbuds,56.39,0.0,0
2024-02-17,C0255,Desk Lamp,25.92,4.58,0
2024-03-10,C0239,Water Bottle,15.99,0.0,0
2024-12-14,C0263,Winter Jacket,87.23,15.39,0
2024-06-02,C0130,Winter Jacket,110.7,0.0,1
2024-04-28,C0253,Backpack,35.94,6.34,0
2024-10-21,C0176,Running Shoes,70.69,12.47,0
2024-07-13,C0174,Coffee Maker,59.93,0.0,0
2024-12-05,C0003,Winter Jacket,101.06,17.83,0
2024-06-02,C0244,Bluetooth Speaker,40.83,0.0,0
2024-08-02,C0280,Coffee Maker,47.73,8.42,0
2024-04-19,C0150,Wireless Earbuds,49.5,8.74,0
2024-06-20,C0227,Wireless Earbuds,65.91,0.0,0
2024-07-27,C0022,Sunglasses,37.15,0.0,0
2024-07-11,C0186,Yoga Mat,24.45,0.0,0
2024-03-26,C0202,Backpack,32.75,10.91,0
2024-06-06,C0097,Bluetooth Speaker,28.91,9.64,0
2024-03-24,C0054,Coffee Maker,55.3,0.0,0
2024-05-05,C0052,Bluetooth Speaker,40.52,0.0,0
2024-10-09,C0130,Sunglasses,36.16,0.0,0
2024-12-07,C0137,Coffee Maker,37.75,12.58,0
2024-05-31,C0031,Desk Lamp,24.51,4.32,0
2024-12-01,C0061,Bluetooth Speaker,39.95,0.0,1
2024-10-12,C0235,Coffee Maker,40.82,13.61,0
2024-01-18,C0139,Desk Lamp,29.89,0.0,0
2024-03-14,C0201,Backpack,34.34,11.45,0
2024-03-29,C0124,Winter Jacket,113.11,0.0,0
2024-05-29,C0044,Sunglasses,23.76,7.92,0
2024-12-12,C0143,Coffee Maker,54.92,0.0,0
2024-06-14,C0273,Yoga Mat,22.67,4.0,0
2024-06-26,C0267,Yoga Mat,23.5,0.0,0
2024-03-28,C0197,Water Bottle,12.17,4.05,0
2024-07-03,C0165,Yoga Mat,20.28,3.58,0
2024-08-12,C0164,Coffee Maker,50.69,0.0,0
2024-07-16,C0231,Bluetooth Speaker,38.13,0.0,0
2024-09-13,C0143,Coffee Maker,56.51,0.0,1
2024-10-01,C0141,Bluetooth Speaker,35.1,6.19,0
2024-07-19,C0148,Desk Lamp,26.6,4.7,0
2024-11-18,C0291,Wireless Earbuds,57.12,0.0,1
2024-06-05,C0125,Desk Lamp,30.61,0.0,0
2024-02-05,C0212,Sunglasses,24.13,8.04,0
2024-12-30,C0061,Wireless Earbuds,65.16,0.0,0
2024-07-25,C0256,Coffee Maker,58.76,0.0,0
2024-06-21,C0267,Desk Lamp,32.19,0.0,0
2024-07-30,C0212,Water Bottle,13.9,0.0,0
2024-02-04,C0296,Sunglasses,23.64,7.88,0
2024-08-09,C0068,Coffee Maker,51.85,0.0,0
2024-03-18,C0145,Backpack,46.54,0.0,0
2024-01-18,C0197,Coffee Maker,59.17,0.0,0
2024-11-09,C0261,Water Bottle,11.73,3.91,0
2024-05-19,C0185,Winter Jacket,103.69,0.0,0
2024-12-12,C0265,Winter Jacket,120.45,0.0,0
2024-02-06,C0235,Wireless Earbuds,64.06,0.0,0
2024-11-18,C0229,Yoga Mat,18.55,6.18,1
2024-10-29,C0240,Sunglasses,35.67,0.0,1
2024-02-26,C0272,Bluetooth Speaker,37.8,0.0,0
2024-10-18,C0296,Backpack,42.46,0.0,0
2024-10-01,C0259,Running Shoes,80.29,0.0,1
2024-05-17,C0058,Coffee Maker,53.62,0.0,0
2024-07-23,C0029,Coffee Maker,41.35,13.78,0
2024-07-09,C0245,Sunglasses,33.81,0.0,1
2024-10-21,C0175,Yoga Mat,18.49,6.17,0
2024-11-11,C0100,Backpack,41.51,0.0,0
2024-02-09,C0101,Sunglasses,31.62,0.0,0
2024-05-15,C0012,Backpack,45.54,0.0,0
2024-11-09,C0276,Running Shoes,77.57,0.0,0
2024-05-15,C0162,Sunglasses,33.99,0.0,0
2024-06-30,C0216,Water Bottle,13.82,0.0,0
2024-01-16,C0079,Bluetooth Speaker,42.18,0.0,0
2024-07-05,C0164,Bluetooth Speaker,39.89,0.0,0
2024-08-31,C0261,Yoga Mat,20.06,6.69,0
2024-07-18,C0099,Backpack,43.68,0.0,0
2024-12-29,C0197,Water Bottle,12.26,4.08,0
2024-03-23,C0273,Coffee Maker,50.97,0.0,0
2024-07-13,C0023,Running Shoes,76.66,0.0,0
2024-04-14,C0174,Winter Jacket,110.75,0.0,0
2024-11-15,C0106,Sunglasses,32.04,5.66,0
2024-01-04,C0054,Backpack,42.34,0.0,0
2024-02-20,C0293,Winter Jacket,118.31,0.0,0
2024-10-26,C0028,Bluetooth Speaker,31.57,10.52,0
2024-08-28,C0241,Yoga Mat,24.5,0.0,0
2024-12-20,C0196,Bluetooth Speaker,40.85,0.0,0
2024-02-02,C0290,Backpack,47.7,0.0,1
2024-04-24,C0020,Running Shoes,80.62,0.0,0
2024-08-26,C0023,Running Shoes,83.33,0.0,0
2024-10-11,C0240,Winter Jacket,119.22,0.0,1
2024-01-10,C0050,Bluetooth Speaker,42.06,0.0,0
2024-04-05,C0166,Yoga Mat,26.54,0.0,0
2024-02-24,C0002,Sunglasses,31.46,5.55,0
2024-02-06,C0276,Running Shoes,85.95,0.0,0
2024-02-09,C0204,Running Shoes,65.81,21.93,0
2024-12-09,C0260,Running Shoes,86.02,0.0,1
2024-08-22,C0057,Backpack,41.6,0.0,0
2024-11-09,C0045,Wireless Earbuds,60.55,0.0,0
2024-05-02,C0152,Wireless Earbuds,55.08,0.0,0
2024-03-16,C0004,Bluetooth Speaker,40.85,0.0,0
2024-02-10,C0198,Wireless Earbuds,40.89,13.63,0
2024-08-21,C0041,Coffee Maker,44.75,14.91,0
2024-01-12,C0070,Running Shoes,88.68,0.0,0
2024-08-08,C0069,Running Shoes,79.56,0.0,0
2024-05-09,C0049,Water Bottle,16.04,0.0,0
2024-03-24,C0167,Bluetooth Speaker,31.71,5.59,0
2024-05-20,C0119,Backpack,30.47,10.15,1
2024-10-05,C0123,Desk Lamp,32.53,0.0,1
2024-06-24,C0161,Wireless Earbuds,60.38,0.0,1
2024-08-05,C0235,Desk Lamp,21.9,7.3,0
2024-03-23,C0209,Backpack,33.96,11.32,0
2024-09-22,C0007,Wireless Earbuds,61.77,0.0,0
2024-05-13,C0086,Coffee Maker,57.37,0.0,0
2024-12-19,C0015,Water Bottle,15.76,0.0,0
2024-02-16,C0073,Backpack,34.7,11.57,0
2024-12-01,C0033,Wireless Earbuds,51.99,9.18,0
2024-02-04,C0286,Sunglasses,31.6,0.0,1
2024-02-27,C0141,Bluetooth Speaker,30.89,10.3,0
2024-08-18,C0210,Yoga Mat,27.0,0.0,0
2024-12-22,C0236,Yoga Mat,24.72,0.0,0
2024-06-24,C0116,Desk Lamp,31.99,0.0,0
2024-02-24,C0006,Backpack,47.73,0.0,0
2024-04-07,C0160,Wireless Earbuds,64.86,0.0,0
2024-12-04,C0030,Water Bottle,14.04,0.0,0
2024-07-15,C0032,Water Bottle,11.59,3.87,0
2024-02-03,C0182,Water Bottle,13.54,0.0,0
2024-07-05,C0129,Sunglasses,36.56,0.0,0
2024-07-08,C0085,Desk Lamp,28.0,0.0,0
2024-05-26,C0100,Coffee Maker,59.75,0.0,0
2024-04-22,C0242,Coffee Maker,58.88,0.0,0
2024-05-14,C0121,Running Shoes,65.76,11.6,0
2024-05-24,C0236,Running Shoes,71.85,12.68,0
2024-10-11,C0089,Bluetooth Speaker,36.75,0.0,0
2024-04-28,C0137,Coffee Maker,54.34,0.0,0
2024-07-03,C0037,Bluetooth Speaker,39.75,0.0,0
2024-09-17,C0193,Backpack,44.86,0.0,0
2024-02-26,C0268,Running Shoes,69.4,23.14,1
2024-03-28,C0245,Sunglasses,37.55,0.0,0
2024-05-15,C0068,Bluetooth Speaker,36.88,6.51,0
2024-02-08,C0185,Bluetooth Speaker,41.05,0.0,0
2024-02-04,C0093,Wireless Earbuds,53.07,9.37,0
2024-09-17,C0241,Running Shoes,65.38,21.79,0
2024-12-17,C0072,Running Shoes,85.63,0.0,0
2024-11-29,C0189,Desk Lamp,27.87,0.0,0
2024-12-02,C0042,Yoga Mat,26.0,0.0,0
2024-08-18,C0072,Backpack,48.15,0.0,0
2024-04-08,C0034,Water Bottle,11.81,3.94,0
2024-07-24,C0248,Running Shoes,88.05,0.0,0
2024-04-29,C0252,Wireless Earbuds,44.79,14.93,0
2024-12-10,C0241,Backpack,46.09,0.0,0
2024-04-13,C0165,Water Bottle,14.02,2.48,0
2024-01-17,C0012,Coffee Maker,43.73,7.72,0
2024-10-18,C0001,Desk Lamp,31.62,0.0,0
2024-03-20,C0288,Winter Jacket,87.65,29.21,0
2024-10-07,C0141,Coffee Maker,51.01,0.0,0
2024-08-01,C0165,Yoga Mat,20.29,6.76,0
2024-01-30,C0232,Yoga Mat,23.67,0.0,1
2024-07-28,C0138,Water Bottle,16.17,0.0,0
2024-12-30,C0054,Coffee Maker,42.96,7.58,0
2024-01-09,C0216,Water Bottle,13.71,0.0,0
2024-02-07,C0263,Sunglasses,34.14,0.0,0
2024-10-25,C0190,Wireless Earbuds,50.46,8.9,0
2024-09-24,C0130,Sunglasses,32.85,0.0,0
2024-10-19,C0211,Coffee Maker,51.5,0.0,0
2024-07-06,C0030,Sunglasses,33.3,0.0,0
2024-11-15,C0005,Bluetooth Speaker,37.7,0.0,0
2024-08-15,C0167,Bluetooth Speaker,38.72,0.0,0
2024-04-29,C0206,Coffee Maker,50.48,0.0,0
2024-03-09,C0254,Backpack,43.84,0.0,0
2024-07-05,C0058,Yoga Mat,27.49,0.0,0
2024-01-19,C0040,Sunglasses,27.58,4.87,0
2024-08-28,C0183,Winter Jacket,108.99,0.0,0
2024-06-25,C0083,Coffee Maker,45.02,7.94,0
2024-07-20,C0105,Desk Lamp,27.7,0.0,0
2024-11-20,C0155,Backpack,46.84,0.0,0
2024-11-28,C0024,Water Bottle,13.99,0.0,0
2024-04-11,C0140,Running Shoes,73.63,12.99,0
2024-01-15,C0128,Wireless Earbuds,63.58,0.0,1
2024-01-03,C0122,Yoga Mat,23.65,0.0,0
2024-01-10,C0077,Running Shoes,78.44,0.0,0
2024-08-28,C0214,Desk Lamp,27.44,0.0,0
2024-09-02,C0136,Water Bottle,14.5,0.0,0
2024-02-16,C0169,Wireless Earbuds,61.49,0.0,0
2024-06-23,C0287,Sunglasses,34.94,0.0,0
2024-01-27,C0009,Yoga Mat,22.69,4.0,0
2024-04-27,C0078,Water Bottle,13.51,2.38,0
2024-04-07,C0242,Bluetooth Speaker,42.43,0.0,0
2024-10-16,C0111,Coffee Maker,51.02,0.0,0
2024-02-25,C0268,Bluetooth Speaker,37.93,0.0,0
2024-09-29,C0013,Desk Lamp,31.35,0.0,0
2024-04-23,C0095,Sunglasses,28.51,5.03,0
2024-04-14,C0032,Water Bottle,16.49,0.0,0
2024-04-25,C0268,Bluetooth Speaker,42.17,0.0,0
2024-06-05,C0026,Running Shoes,89.67,0.0,1
2024-06-15,C0126,Sunglasses,33.15,0.0,0
2024-08-24,C0267,Running Shoes,79.86,0.0,0
2024-07-04,C0036,Bluetooth Speaker,40.23,0.0,0
2024-11-15,C0263,Coffee Maker,54.31,0.0,0
2024-04-23,C0215,Bluetooth Speaker,32.77,5.78,0
2024-12-27,C0054,Desk Lamp,30.21,0.0,0
2024-08-21,C0286,Wireless Earbuds,61.64,0.0,0
2024-03-07,C0036,Wireless Earbuds,44.69,14.9,1
2024-12-04,C0049,Desk Lamp,29.62,0.0,0
2024-01-27,C0037,Running Shoes,81.4,0.0,0
2024-06-10,C0087,Yoga Mat,19.94,6.65,0
2024-05-02,C0186,Yoga Mat,20.77,3.66,0
2024-03-04,C0133,Backpack,33.47,11.15,0
2024-07-16,C0148,Bluetooth Speaker,37.81,0.0,0
2024-08-26,C0252,Coffee Maker,57.38,0.0,0
2024-02-24,C0263,Sunglasses,33.87,0.0,1
2024-08-28,C0089,Yoga Mat,20.54,6.84,0
2024-06-23,C0119,Backpack,46.44,0.0,0
2024-10-21,C0020,Desk Lamp,27.06,0.0,0
2024-06-16,C0155,Backpack,48.14,0.0,0
2024-07-10,C0117,Winter Jacket,90.75,16.01,0
2024-01-07,C0126,Coffee Maker,43.36,14.46,0
2024-11-25,C0158,Running Shoes,93.34,0.0,0
2024-05-09,C0158,Sunglasses,30.68,5.41,0
2024-03-09,C0029,Backpack,45.35,0.0,0
2024-06-25,C0278,Yoga Mat,26.74,0.0,0
2024-11-30,C0174,Running Shoes,67.49,22.5,0
2024-08-28,C0185,Bluetooth Speaker,42.26,0.0,0
2024-05-07,C0014,Wireless Earbuds,55.2,0.0,0
2024-04-26,C0027,Desk Lamp,27.42,0.0,0
2024-04-11,C0194,Bluetooth Speaker,41.12,0.0,0
2024-06-07,C0160,Winter Jacket,109.35,0.0,0
2024-06-29,C0266,Winter Jacket,89.34,29.78,0
2024-02-05,C0117,Bluetooth Speaker,39.57,0.0,0
2024-04-16,C0064,Backpack,43.76,0.0,0
2024-12-01,C0013,Winter Jacket,74.83,24.94,0
2024-03-08,C0264,Coffee Maker,60.49,0.0,0
2024-07-01,C0113,Wireless Earbuds,42.5,14.17,0
2024-07-06,C0104,Coffee Maker,51.24,0.0,0
2024-06-16,C0096,Water Bottle,12.35,4.12,0
2024-09-08,C0074,Sunglasses,36.77,0.0,0
2024-11-05,C0085,Coffee Maker,45.38,15.12,0
2024-04-03,C0058,Running Shoes,68.98,22.99,0
2024-10-18,C0012,Desk Lamp,27.32,0.0,0
2024-09-14,C0074,Backpack,45.1,0.0,0
2024-03-19,C0133,Bluetooth Speaker,36.07,6.36,0
2024-11-05,C0240,Water Bottle,14.2,0.0,0
2024-01-28,C0085,Wireless Earbuds,63.29,0.0,0
2024-05-01,C0119,Sunglasses,24.97,8.32,0
2024-11-04,C0057,Yoga Mat,27.02,0.0,0
2024-08-24,C0218,Winter Jacket,114.63,0.0,0
2024-09-18,C0045,Running Shoes,84.8,0.0,0
2024-02-05,C0088,Sunglasses,36.24,0.0,0
2024-11-23,C0126,Backpack,49.48,0.0,0
2024-04-11,C0224,Backpack,35.66,6.29,0
2024-06-04,C0073,Water Bottle,13.99,0.0,0
2024-04-08,C0214,Winter Jacket,79.46,26.49,0
2024-09-02,C0142,Bluetooth Speaker,31.61,10.54,0
2024-08-29,C0257,Sunglasses,24.67,8.22,0
2024-03-27,C0207,Backpack,34.99,6.17,0
2024-02-21,C0201,Desk Lamp,31.4,0.0,0
2024-11-26,C0022,Yoga Mat,18.62,6.21,0
2024-09-01,C0153,Desk Lamp,25.54,4.51,0
2024-03-21,C0075,Sunglasses,36.07,0.0,0
2024-11-16,C0293,Desk Lamp,26.41,4.66,0
2024-12-12,C0207,Backpack,43.56,0.0,0
2024-11-29,C0014,Yoga Mat,23.93,0.0,0
2024-11-11,C0187,Desk Lamp,27.06,4.78,0
2024-09-23,C0167,Running Shoes,61.84,20.61,0
2024-11-23,C0290,Bluetooth Speaker,36.93,0.0,0
2024-05-13,C0276,Running Shoes,70.38,12.42,1
2024-01-07,C0083,Water Bottle,16.17,0.0,0
2024-12-19,C0072,Coffee Maker,49.74,0.0,0
2024-03-16,C0063,Water Bottle,14.18,0.0,0
2024-02-24,C0077,Yoga Mat,25.25,0.0,0
2024-08-10,C0198,Backpack,34.73,6.13,0
2024-08-04,C0155,Wireless Earbuds,61.55,0.0,0
2024-01-20,C0168,Wireless Earbuds,54.67,0.0,1
2024-12-28,C0102,Yoga Mat,23.06,0.0,0
2024-11-07,C0223,Desk Lamp,31.03,0.0,0
2024-06-15,C0013,Coffee Maker,45.9,8.1,0
2024-12-10,C0031,Yoga Mat,23.33,0.0,0
2024-08-16,C0281,Sunglasses,35.86,0.0,0
2024-10-21,C0173,Running Shoes,84.18,0.0,0
2024-12-04,C0288,Coffee Maker,55.12,0.0,0
2024-09-21,C0003,Yoga Mat,21.23,3.75,0
2024-09-13,C0097,Sunglasses,38.07,0.0,0
2024-10-18,C0246,Coffee Maker,48.88,8.63,0
2024-10-23,C0109,Winter Jacket,87.17,15.38,0
2024-12-06,C0163,Winter Jacket,87.8,29.27,0
2024-11-24,C0294,Sunglasses,25.0,8.34,0
2024-10-06,C0024,Bluetooth Speaker,43.62,0.0,0
2024-03-17,C0151,Coffee Maker,43.4,14.47,0
2024-10-27,C0069,Sunglasses,34.49,0.0,1
2024-02-22,C0223,Coffee Maker,52.54,0.0,0
2024-08-14,C0050,Water Bottle,11.68,2.06,0
2024-01-19,C0133,Bluetooth Speaker,42.67,0.0,0
2024-05-22,C0270,Desk Lamp,21.17,7.06,0
2024-08-06,C0163,Winter Jacket,114.24,0.0,0
2024-07-24,C0075,Bluetooth Speaker,43.67,0.0,0
2024-12-13,C0068,Water Bottle,10.24,3.42,0
2024-06-29,C0018,Coffee Maker,58.94,0.0,0
2024-08-15,C0018,Bluetooth Speaker,36.2,0.0,0
2024-04-20,C0176,Bluetooth Speaker,40.81,0.0,0
2024-11-07,C0257,Yoga Mat,27.28,0.0,0
2024-05-13,C0115,Desk Lamp,27.99,0.0,0
2024-05-08,C0155,Water Bottle,16.24,0.0,0
2024-02-02,C0214,Coffee Maker,47.06,8.3,0
2024-08-28,C0238,Desk Lamp,26.43,4.66,0
2024-09-03,C0062,Sunglasses,38.23,0.0,0
2024-10-10,C0241,Desk Lamp,29.43,0.0,0
2024-08-28,C0284,Bluetooth Speaker,32.6,10.87,0
2024-09-11,C0189,Winter Jacket,106.23,0.0,0
2024-07-13,C0145,Wireless Earbuds,65.78,0.0,0
2024-06-18,C0015,Coffee Maker,55.86,0.0,0
2024-06-11,C0190,Backpack,44.62,0.0,0
2024-10-15,C0090,Desk Lamp,29.88,0.0,0
2024-07-03,C0126,Backpack,45.94,0.0,0
2024-12-29,C0037,Winter Jacket,100.42,0.0,0
2024-04-15,C0122,Sunglasses,35.05,0.0,0
2024-12-08,C0298,Wireless Earbuds,62.21,0.0,0
2024-12-07,C0144,Running Shoes,68.88,12.15,1
2024-06-09,C0273,Winter Jacket,85.69,28.56,0
2024-04-02,C0115,Running Shoes,86.24,0.0,0
2024-02-22,C0264,Backpack,48.89,0.0,0
2024-06-14,C0218,Coffee Maker,53.96,0.0,1
2024-02-26,C0012,Water Bottle,12.78,2.26,0
2024-01-14,C0198,Running Shoes,70.04,23.35,0
2024-03-23,C0190,Desk Lamp,23.52,7.84,0
2024-05-10,C0057,Sunglasses,32.49,0.0,0
2024-10-28,C0050,Wireless Earbuds,41.94,13.98,0
2024-10-13,C0030,Bluetooth Speaker,29.48,9.82,0
2024-04-30,C0183,Coffee Maker,51.05,0.0,0
2024-05-03,C0172,Wireless Earbuds,48.02,16.0,0
2024-08-31,C0258,Running Shoes,80.28,0.0,0
2024-05-02,C0134,Running Shoes,86.77,0.0,0
2024-02-12,C0217,Desk Lamp,31.53,0.0,0
2024-06-06,C0080,Wireless Earbuds,51.13,9.02,0
2024-03-29,C0220,Water Bottle,14.8,0.0,0
2024-03-25,C0081,Winter Jacket,100.0,0.0,0
2024-11-16,C0053,Running Shoes,81.34,0.0,0
2024-09-23,C0108,Backpack,45.1,0.0,0
2024-08-09,C0240,Water Bottle,15.48,0.0,0
2024-01-02,C0045,Backpack,46.46,0.0,0
2024-10-01,C0170,Water Bottle,16.48,0.0,0
2024-04-23,C0044,Running Shoes,70.81,12.5,1
2024-02-06,C0052,Running Shoes,85.73,0.0,0
2024-07-14,C0254,Sunglasses,36.26,0.0,0
2024-10-15,C0243,Bluetooth Speaker,28.75,9.59,0
2024-03-05,C0013,Yoga Mat,19.41,3.43,0
2024-12-23,C0039,Yoga Mat,25.39,0.0,0
2024-02-27,C0138,Desk Lamp,28.44,0.0,0
2024-06-27,C0142,Yoga Mat,25.98,0.0,0
2024-03-23,C0279,Bluetooth Speaker,39.5,0.0,0
2024-08-08,C0134,Backpack,46.23,0.0,0
2024-02-29,C0002,Wireless Earbuds,63.69,0.0,0
2024-03-19,C0163,Running Shoes,91.36,0.0,0
2024-10-13,C0160,Winter Jacket,81.54,27.18,0
2024-09-22,C0182,Backpack,44.85,0.0,0
2024-09-18,C0258,Sunglasses,35.62,0.0,0
2024-03-06,C0095,Sunglasses,26.91,4.75,0
2024-01-23,C0229,Sunglasses,33.55,0.0,0
2024-07-10,C0279,Sunglasses,26.12,8.71,0
2024-05-28,C0248,Water Bottle,14.71,0.0,0
2024-06-13,C0233,Backpack,47.06,0.0,0
2024-07-03,C0222,Wireless Earbuds,63.06,0.0,0
2024-12-01,C0032,Water Bottle,15.41,0.0,0
2024-06-23,C0269,Desk Lamp,25.04,4.42,0
2024-12-09,C0242,Water Bottle,15.91,0.0,0
2024-02-25,C0250,Yoga Mat,24.94,0.0,0
2024-01-23,C0225,Yoga Mat,22.93,4.05,0
2024-05-27,C0094,Coffee Maker,51.21,0.0,0
2024-12-30,C0126,Yoga Mat,24.26,0.0,0
2024-06-18,C0099,Running Shoes,90.98,0.0,0
2024-03-18,C0226,Desk Lamp,30.06,0.0,0
2024-09-18,C0201,Coffee Maker,60.45,0.0,0
2024-07-18,C0059,Yoga Mat,24.4,0.0,0
2024-06-13,C0097,Desk Lamp,27.76,0.0,0
2024-04-15,C0151,Running Shoes,64.76,21.59,0
2024-02-20,C0295,Backpack,46.87,0.0,0
2024-06-13,C0047,Wireless Earbuds,54.44,0.0,0
2024-09-18,C0214,Bluetooth Speaker,36.98,0.0,0
2024-07-04,C0205,Running Shoes,91.84,0.0,0
2024-05-03,C0020,Coffee Maker,39.14,13.04,0
2024-09-23,C0246,Sunglasses,37.17,0.0,0
2024-08-27,C0090,Running Shoes,65.81,11.61,0
2024-11-02,C0054,Bluetooth Speaker,34.33,6.06,0
2024-05-13,C0109,Bluetooth Speaker,43.51,0.0,0
2024-12-20,C0003,Running Shoes,77.65,0.0,0
2024-08-09,C0179,Coffee Maker,55.09,0.0,0
2024-09-21,C0271,Desk Lamp,32.89,0.0,0
2024-09-09,C0199,Wireless Earbuds,43.84,14.62,0
2024-07-02,C0146,Desk Lamp,22.96,7.65,0
2024-02-13,C0188,Winter Jacket,120.01,0.0,0
2024-12-02,C0059,Sunglasses,35.99,0.0,0
2024-06-22,C0002,Yoga Mat,24.59,0.0,0
2024-03-23,C0133,Backpack,39.51,6.97,0
2024-04-29,C0192,Yoga Mat,22.48,3.97,0
2024-01-30,C0022,Running Shoes,82.9,0.0,0
2024-09-11,C0035,Sunglasses,34.81,0.0,0
2024-11-26,C0257,Yoga Mat,25.97,0.0,0
2024-03-10,C0149,Winter Jacket,86.96,28.99,0
2024-10-08,C0057,Sunglasses,27.57,4.87,0
2024-03-09,C0293,Water Bottle,14.43,0.0,0
2024-04-23,C0187,Bluetooth Speaker,41.94,0.0,0
2024-09-09,C0055,Bluetooth Speaker,40.4,0.0,0
2024-02-11,C0263,Winter Jacket,84.56,28.18,0
2024-03-16,C0267,Water Bottle,15.92,0.0,0
2024-01-12,C0233,Running Shoes,87.02,0.0,0
2024-09-29,C0174,Backpack,48.26,0.0,0
2024-11-04,C0037,Running Shoes,78.74,0.0,1
2024-01-12,C0150,Winter Jacket,114.83,0.0,0
2024-12-09,C0226,Water Bottle,14.4,0.0,0
2024-11-04,C0147,Water Bottle,15.16,0.0,0
2024-04-26,C0074,Water Bottle,10.33,3.44,0
2024-07-14,C0113,Sunglasses,29.54,5.21,0
2024-05-23,C0157,Water Bottle,11.8,3.93,0
2024-07-21,C0189,Running Shoes,80.31,0.0,0
2024-08-24,C0183,Sunglasses,28.85,5.09,1
2024-07-24,C0208,Backpack,35.65,6.29,0
2024-03-21,C0242,Sunglasses,31.32,5.53,0
2024-09-16,C0128,Backpack,47.58,0.0,0
2024-06-29,C0179,Winter Jacket,116.87,0.0,0
2024-11-21,C0112,Wireless Earbuds,50.82,8.97,0
2024-06-10,C0071,Coffee Maker,58.38,0.0,0
2024-10-09,C0088,Sunglasses,35.71,0.0,0
2024-05-29,C0224,Wireless Earbuds,53.92,9.52,0
2024-12-10,C0089,Coffee Maker,51.58,0.0,0
2024-09-17,C0077,Yoga Mat,20.48,3.61,0
2024-02-21,C0276,Yoga Mat,26.11,0.0,0
2024-04-08,C0009,Bluetooth Speaker,34.99,6.18,0
2024-04-12,C0223,Bluetooth Speaker,27.23,9.08,0
2024-04-21,C0294,Water Bottle,11.54,3.85,0
2024-03-29,C0081,Desk Lamp,24.85,4.38,0
2024-12-19,C0052,Water Bottle,10.47,3.49,0
2024-01-31,C0106,Winter Jacket,118.15,0.0,0
2024-02-13,C0094,Water Bottle,14.26,0.0,0
2024-05-08,C0125,Running Shoes,69.36,12.24,0
2024-07-30,C0056,Wireless Earbuds,63.05,0.0,0
2024-08-19,C0019,Bluetooth Speaker,42.24,0.0,0
2024-06-09,C0160,Coffee Maker,40.52,13.51,0
2024-08-01,C0224,Wireless Earbuds,46.06,15.36,0
2024-10-26,C0209,Sunglasses,31.72,5.6,0
2024-07-27,C0295,Backpack,34.84,11.61,0
2024-05-05,C0189,Sunglasses,35.06,0.0,1
2024-08-08,C0099,Running Shoes,65.22,11.51,0
2024-08-28,C0105,Yoga Mat,22.84,4.03,0
2024-03-14,C0227,Coffee Maker,56.72,0.0,1
2024-06-15,C0025,Sunglasses,35.68,0.0,1
2024-12-09,C0280,Wireless Earbuds,57.44,0.0,0
2024-12-18,C0154,Yoga Mat,23.08,0.0,0
2024-01-13,C0257,Desk Lamp,23.42,7.81,0
2024-07-31,C0228,Wireless Earbuds,47.1,8.31,0
2024-07-15,C0103,Wireless Earbuds,59.22,0.0,0
2024-06-13,C0285,Bluetooth Speaker,34.99,6.18,0
2024-05-22,C0104,Wireless Earbuds,51.88,9.16,0
2024-03-19,C0079,Bluetooth Speaker,29.34,9.78,0
2024-11-04,C0122,Sunglasses,32.7,0.0,0
2024-03-03,C0228,Sunglasses,31.62,0.0,1
2024-12-05,C0033,Water Bottle,13.8,2.43,0
2024-02-22,C0010,Wireless Earbuds,44.15,14.71,0
2024-07-11,C0014,Desk Lamp,23.6,4.16,1
2024-03-18,C0284,Sunglasses,33.06,0.0,0
2024-04-09,C0214,Winter Jacket,110.39,0.0,0
2024-08-13,C0025,Water Bottle,15.26,0.0,0
2024-10-15,C0030,Wireless Earbuds,51.44,9.08,0
2024-02-27,C0143,Wireless Earbuds,44.35,14.78,0
2024-12-12,C0145,Bluetooth Speaker,28.74,9.58,0
2024-08-21,C0261,Winter Jacket,79.62,26.54,0
2024-02-13,C0189,Wireless Earbuds,54.07,9.54,0
2024-02-28,C0158,Desk Lamp,22.54,7.51,0
2024-07-10,C0124,Backpack,33.16,11.05,0
2024-08-10,C0070,Bluetooth Speaker,28.54,9.52,0
2024-10-07,C0132,Yoga Mat,19.91,6.64,1
2024-12-26,C0205,Yoga Mat,18.22,6.08,0
2024-08-24,C0054,Yoga Mat,26.07,0.0,0
2024-04-04,C0023,Bluetooth Speaker,30.85,10.29,0
2024-04-07,C0288,Coffee Maker,45.73,8.07,0
2024-11-28,C0203,Water Bottle,11.03,3.68,0
2024-04-06,C0285,Coffee Maker,44.96,14.98,0
2024-08-26,C0039,Running Shoes,90.76,0.0,0
2024-10-12,C0236,Yoga Mat,26.67,0.0,0
2024-08-31,C0095,Desk Lamp,28.87,0.0,0
2024-10-06,C0272,Yoga Mat,23.35,0.0,0
2024-04-18,C0074,Bluetooth Speaker,38.69,0.0,0
2024-10-09,C0148,Backpack,49.31,0.0,0
2024-06-03,C0223,Wireless Earbuds,48.63,8.58,0
2024-04-22,C0193,Coffee Maker,46.44,8.19,0
2024-01-01,C0124,Wireless Earbuds,65.52,0.0,0
2024-01-13,C0259,Winter Jacket,86.01,15.18,0
2024-02-16,C0191,Backpack,44.54,0.0,0
2024-10-20,C0011,Running Shoes,91.57,0.0,0
2024-11-17,C0205,Winter Jacket,99.29,17.52,0
2024-03-20,C0098,Sunglasses,34.74,0.0,0
2024-02-16,C0100,Winter Jacket,116.29,0.0,0
2024-05-28,C0191,Winter Jacket,114.02,0.0,0
2024-09-16,C0134,Wireless Earbuds,54.46,0.0,0
2024-12-05,C0237,Water Bottle,12.23,4.08,0
2024-08-27,C0090,Winter Jacket,105.99,0.0,0
2024-02-28,C0108,Backpack,47.19,0.0,0
2024-09-09,C0229,Desk Lamp,28.13,0.0,0
2024-09-03,C0030,Running Shoes,87.24,0.0,0
2024-03-30,C0247,Bluetooth Speaker,31.12,5.49,1
2024-07-29,C0071,Sunglasses,32.45,5.73,0
2024-01-26,C0252,Winter Jacket,108.04,0.0,0
2024-07-31,C0020,Coffee Maker,37.6,12.53,1
2024-11-06,C0014,Coffee Maker,51.73,0.0,0
2024-02-18,C0192,Running Shoes,77.35,13.65,0
2024-02-20,C0197,Winter Jacket,107.33,0.0,1
2024-11-17,C0270,Water Bottle,14.73,0.0,0
2024-07-11,C0255,Wireless Earbuds,50.92,8.98,0
2024-08-09,C0241,Sunglasses,35.69,0.0,0
2024-06-04,C0142,Running Shoes,73.78,13.02,0
2024-12-08,C0240,Running Shoes,90.54,0.0,0
2024-07-12,C0170,Wireless Earbuds,43.16,14.39,0
2024-06-06,C0290,Sunglasses,24.85,8.29,0
2024-12-03,C0298,Running Shoes,62.87,20.95,0
2024-03-15,C0274,Winter Jacket,115.14,0.0,0
2024-01-24,C0031,Water Bottle,16.34,0.0,0
2024-05-05,C0122,Running Shoes,91.98,0.0,0
2024-07-14,C0167,Backpack,35.41,11.8,0
2024-11-10,C0265,Winter Jacket,102.12,0.0,0
2024-07-16,C0286,Desk Lamp,23.73,4.19,0
2024-05-27,C0027,Desk Lamp,27.11,0.0,0
2024-03-03,C0281,Yoga Mat,26.69,0.0,0
2024-12-14,C0069,Wireless Earbuds,57.92,0.0,0
2024-06-04,C0236,Sunglasses,27.31,9.1,0
2024-09-16,C0079,Yoga Mat,24.94,0.0,0
2024-06-06,C0133,Backpack,48.62,0.0,0
2024-02-19,C0168,Yoga Mat,19.78,6.59,0
2024-03-07,C0291,Yoga Mat,20.46,3.61,0
2024-08-17,C0070,Water Bottle,11.94,3.98,0
2024-11-10,C0011,Desk Lamp,32.34,0.0,0
2024-12-10,C0157,Wireless Earbuds,56.42,0.0,0
2024-06-14,C0277,Wireless Earbuds,53.46,9.43,0
2024-03-22,C0093,Bluetooth Speaker,36.85,0.0,0
2024-03-23,C0206,Backpack,41.16,0.0,0
2024-02-12,C0210,Yoga Mat,23.73,0.0,0
2024-11-16,C0124,Bluetooth Speaker,31.39,5.54,0
2024-10-27,C0066,Coffee Maker,48.76,8.6,0
2024-07-16,C0061,Wireless Earbuds,57.52,0.0,0
2024-04-19,C0247,Coffee Maker,53.08,0.0,0
2024-06-04,C0231,Coffee Maker,56.35,0.0,0
2024-02-02,C0133,Winter Jacket,92.45,16.32,0
2024-07-21,C0098,Wireless Earbuds,56.78,0.0,0
2024-01-04,C0064,Bluetooth Speaker,43.04,0.0,0
2024-10-12,C0264,Wireless Earbuds,65.08,0.0,0
2024-03-06,C0245,Water Bottle,12.3,2.17,0
2024-11-09,C0009,Winter Jacket,102.06,0.0,0
2024-07-30,C0192,Running Shoes,60.88,20.29,0
2024-04-19,C0101,Coffee Maker,49.11,8.67,0
2024-12-23,C0104,Wireless Earbuds,55.07,0.0,0
2024-07-31,C0188,Desk Lamp,25.89,4.57,0
2024-07-18,C0299,Wireless Earbuds,56.71,0.0,0
2024-08-16,C0088,Coffee Maker,42.58,14.19,0
2024-05-02,C0198,Winter Jacket,93.64,16.52,0
2024-06-10,C0289,Bluetooth Speaker,41.85,0.0,0
2024-09-18,C0153,Backpack,46.45,0.0,1
2024-02-10,C0276,Backpack,42.63,0.0,0
2024-07-28,C0107,Sunglasses,32.04,0.0,0
2024-12-18,C0155,Wireless Earbuds,43.92,14.64,0
2024-07-04,C0115,Wireless Earbuds,55.7,0.0,0
2024-03-04,C0207,Running Shoes,77.84,0.0,1
2024-11-16,C0240,Water Bottle,14.61,0.0,0
2024-04-02,C0178,Yoga Mat,22.59,3.99,0
2024-03-09,C0034,Winter Jacket,97.52,17.21,0
2024-04-07,C0052,Water Bottle,16.42,0.0,0
2024-10-11,C0007,Desk Lamp,21.97,7.33,0
2024-01-05,C0191,Bluetooth Speaker,35.29,6.23,0
2024-06-03,C0180,Bluetooth Speaker,37.86,0.0,0
2024-10-14,C0006,Bluetooth Speaker,34.49,6.09,1
2024-10-21,C0162,Running Shoes,73.54,12.98,0
2024-09-11,C0108,Backpack,33.31,11.11,0
2024-09-07,C0001,Running Shoes,84.48,0.0,0
2024-12-21,C0227,Water Bottle,14.38,0.0,0
2024-11-15,C0102,Backpack,36.61,6.46,0
2024-06-08,C0099,Coffee Maker,53.27,0.0,0
2024-10-22,C0076,Yoga Mat,23.36,0.0,0
2024-02-19,C0233,Water Bottle,10.7,3.56,0
2024-05-25,C0118,Sunglasses,33.91,0.0,0
2024-06-13,C0013,Backpack,47.68,0.0,0
2024-11-27,C0140,Water Bottle,10.76,3.59,0
2024-03-11,C0261,Backpack,43.79,0.0,0
2024-04-02,C0256,Coffee Maker,39.19,13.06,0
2024-06-05,C0135,Desk Lamp,30.16,0.0,0
2024-10-14,C0126,Yoga Mat,24.88,0.0,0
2024-05-12,C0127,Winter Jacket,114.17,0.0,0
2024-01-18,C0254,Backpack,46.81,0.0,0
2024-06-28,C0119,Bluetooth Speaker,38.99,0.0,0
2024-08-05,C0176,Sunglasses,38.38,0.0,1
2024-01-22,C0263,Wireless Earbuds,57.29,0.0,0
2024-09-27,C0077,Yoga Mat,27.27,0.0,0
2024-07-11,C0241,Yoga Mat,18.02,6.0,0
2024-02-10,C0177,Bluetooth Speaker,32.89,5.81,0
2024-01-11,C0258,Bluetooth Speaker,43.13,0.0,0
2024-03-01,C0052,Bluetooth Speaker,42.19,0.0,0
2024-06-21,C0163,Yoga Mat,17.26,5.75,0
2024-07-04,C0197,Wireless Earbuds,44.2,14.73,1
2024-08-24,C0280,Bluetooth Speaker,38.16,0.0,0
2024-01-13,C0177,Backpack,44.9,0.0,0
2024-12-12,C0043,Winter Jacket,108.35,0.0,0
2024-09-27,C0250,Running Shoes,86.8,0.0,0
2024-08-12,C0015,Winter Jacket,113.53,0.0,0
2024-07-29,C0237,Winter Jacket,104.95,0.0,0
2024-04-16,C0299,Backpack,42.69,0.0,0
2024-05-18,C0002,Yoga Mat,24.93,0.0,0
2024-08-10,C0054,Coffee Maker,42.88,14.29,0
2024-09-12,C0070,Winter Jacket,117.51,0.0,0
2024-09-09,C0068,Bluetooth Speaker,28.05,9.35,0
2024-09-14,C0236,Coffee Maker,52.56,0.0,0
2024-11-27,C0094,Desk Lamp,22.81,7.61,0
2024-09-22,C0161,Backpack,41.74,0.0,0
2024-04-26,C0245,Wireless Earbuds,54.56,0.0,1
2024-09-04,C0106,Backpack,47.33,0.0,0
2024-03-14,C0086,Sunglasses,30.83,5.44,0
2024-01-22,C0061,Desk Lamp,30.33,0.0,0
2024-04-17,C0265,Bluetooth Speaker,36.85,0.0,0
2024-10-23,C0004,Sunglasses,32.54,0.0,0
2024-09-09,C0169,Winter Jacket,86.74,28.91,1
2024-08-06,C0186,Coffee Maker,50.24,0.0,0
2024-09-21,C0047,Coffee Maker,51.12,0.0,0
2024-08-13,C0230,Running Shoes,82.0,0.0,0
2024-03-30,C0008,Winter Jacket,101.64,0.0,0
2024-03-18,C0166,Running Shoes,92.46,0.0,0
2024-01-30,C0241,Backpack,48.03,0.0,0
2024-08-15,C0188,Coffee Maker,50.78,0.0,0
2024-02-28,C0031,Desk Lamp,25.98,4.58,0
2024-08-05,C0243,Backpack,34.95,6.17,0
2024-11-11,C0210,Yoga Mat,17.25,5.75,1
2024-05-07,C0226,Sunglasses,38.0,0.0,0
2024-06-24,C0094,Backpack,45.66,0.0,0
2024-09-22,C0010,Desk Lamp,32.8,0.0,0
2024-02-26,C0257,Water Bottle,11.05,3.68,0
2024-06-24,C0088,Running Shoes,84.11,0.0,0
2024-06-05,C0142,Sunglasses,26.87,8.96,0
2024-08-16,C0085,Yoga Mat,20.37,3.6,0
2024-10-27,C0089,Backpack,44.5,0.0,0
2024-07-21,C0080,Water Bottle,12.5,2.21,0
2024-07-05,C0269,Running Shoes,83.73,0.0,0
2024-06-19,C0066,Backpack,43.93,0.0,0
2024-07-03,C0091,Bluetooth Speaker,30.07,10.03,0
2024-11-25,C0222,Desk Lamp,24.68,8.23,0
2024-04-05,C0152,Wireless Earbuds,65.54,0.0,0
2024-10-08,C0144,Bluetooth Speaker,38.61,0.0,0
2024-06-26,C0059,Running Shoes,66.28,22.09,0
2024-10-20,C0271,Running Shoes,57.67,19.22,0
2024-02-10,C0279,Winter Jacket,118.04,0.0,0
2024-06-23,C0061,Bluetooth Speaker,36.37,0.0,0
2024-07-22,C0052,Desk Lamp,23.77,7.92,0
2024-04-11,C0140,Winter Jacket,113.14,0.0,0
2024-11-08,C0196,Wireless Earbuds,56.81,0.0,1
2024-06-28,C0138,Winter Jacket,87.64,15.47,0
2024-05-06,C0092,Yoga Mat,20.12,6.71,0
2024-10-22,C0264,Wireless Earbuds,60.63,0.0,0
2024-09-20,C0240,Bluetooth Speaker,31.53,5.56,0
2024-03-25,C0163,Running Shoes,82.83,0.0,1
2024-03-14,C0151,Running Shoes,86.74,0.0,0
2024-12-18,C0210,Wireless Earbuds,60.08,0.0,0
2024-11-28,C0069,Yoga Mat,25.21,0.0,0
2024-08-17,C0198,Yoga Mat,24.73,0.0,0
2024-03-10,C0045,Sunglasses,33.77,0.0,0
2024-09-27,C0049,Desk Lamp,26.04,4.6,0
2024-10-01,C0291,Sunglasses,27.76,9.25,0
2024-05-10,C0209,Winter Jacket,101.14,0.0,0
2024-01-10,C0216,Sunglasses,32.19,0.0,0
2024-05-13,C0191,Desk Lamp,27.33,0.0,0
2024-06-26,C0023,Desk Lamp,26.27,4.64,0
2024-06-22,C0162,Water Bottle,10.84,3.62,0
2024-01-29,C0183,Desk Lamp,23.45,7.82,0
2024-10-10,C0037,Sunglasses,30.29,5.35,0
2024-06-05,C0271,Wireless Earbuds,52.98,9.35,1
2024-05-24,C0286,Sunglasses,37.92,0.0,0
2024-10-02,C0072,Wireless Earbuds,55.6,0.0,0
2024-12-10,C0027,Bluetooth Speaker,41.13,0.0,0
2024-04-25,C0077,Running Shoes,88.8,0.0,0
2024-03-21,C0246,Sunglasses,28.13,9.38,0
2024-05-22,C0156,Running Shoes,92.83,0.0,0
2024-10-13,C0065,Bluetooth Speaker,43.39,0.0,0
2024-12-16,C0271,Winter Jacket,81.68,27.23,0
2024-06-18,C0282,Running Shoes,75.31,13.29,0
2024-03-17,C0015,Running Shoes,69.9,12.34,0
2024-11-28,C0046,Bluetooth Speaker,36.36,0.0,0
2024-10-18,C0041,Coffee Maker,53.04,0.0,0
2024-08-15,C0297,Sunglasses,28.03,9.34,0
2024-06-06,C0112,Sunglasses,35.72,0.0,0
2024-08-08,C0065,Wireless Earbuds,44.22,14.74,0
2024-10-04,C0114,Coffee Maker,59.61,0.0,0
2024-05-03,C0029,Backpack,37.03,6.54,0
2024-01-08,C0154,Sunglasses,25.82,8.61,0
2024-10-20,C0206,Yoga Mat,21.13,3.73,0
2024-01-21,C0260,Wireless Earbuds,44.69,14.9,0
2024-01-15,C0057,Bluetooth Speaker,42.94,0.0,0
2024-06-17,C0058,Running Shoes,86.39,0.0,0
2024-06-22,C0073,Desk Lamp,32.45,0.0,0
2024-03-31,C0161,Running Shoes,86.52,0.0,0
2024-04-22,C0210,Sunglasses,32.23,0.0,0
2024-09-30,C0039,Water Bottle,16.37,0.0,0
2024-09-30,C0285,Water Bottle,15.59,0.0,1
2024-12-29,C0010,Coffee Maker,59.15,0.0,0
2024-06-26,C0189,Coffee Maker,49.77,0.0,0
2024-01-26,C0235,Winter Jacket,75.22,25.07,0
2024-02-18,C0131,Winter Jacket,119.24,0.0,0
2024-06-27,C0235,Wireless Earbuds,55.72,0.0,0
2024-08-18,C0266,Backpack,36.92,12.31,0
2024-06-23,C0287,Bluetooth Speaker,41.36,0.0,0
2024-10-20,C0295,Backpack,41.26,0.0,0
2024-01-30,C0210,Yoga Mat,22.52,3.97,0
2024-07-29,C0048,Winter Jacket,105.51,0.0,1
2024-10-05,C0090,Yoga Mat,19.67,3.47,0
2024-01-03,C0031,Running Shoes,86.68,0.0,0
2024-08-08,C0231,Water Bottle,10.66,3.55,0
2024-04-17,C0115,Wireless Earbuds,61.67,0.0,0
2024-02-20,C0162,Bluetooth Speaker,40.68,0.0,0
2024-08-31,C0166,Yoga Mat,22.51,3.97,0
2024-07-13,C0050,Bluetooth Speaker,37.47,0.0,0
2024-08-19,C0124,Sunglasses,37.93,0.0,1
2024-12-08,C0212,Desk Lamp,32.12,0.0,0
2024-08-29,C0217,Bluetooth Speaker,39.02,0.0,0
2024-09-11,C0286,Yoga Mat,27.15,0.0,0
2024-03-22,C0122,Desk Lamp,21.92,7.31,0
2024-05-06,C0254,Bluetooth Speaker,35.29,6.23,0
2024-08-11,C0177,Sunglasses,36.07,0.0,0
2024-06-18,C0237,Wireless Earbuds,54.85,0.0,0
2024-11-18,C0267,Bluetooth Speaker,36.01,0.0,0
2024-08-09,C0065,Backpack,30.55,10.19,0
2024-04-13,C0099,Desk Lamp,29.48,0.0,0
2024-10-04,C0165,Water Bottle,14.11,0.0,0
2024-09-13,C0056,Running Shoes,77.12,0.0,1
2024-01-13,C0183,Coffee Maker,51.18,9.03,0
2024-01-09,C0081,Winter Jacket,114.4,0.0,0
2024-12-10,C0273,Bluetooth Speaker,38.5,0.0,0
2024-08-27,C0038,Running Shoes,81.39,0.0,1
2024-08-14,C0246,Running Shoes,85.41,0.0,0
2024-02-16,C0273,Wireless Earbuds,48.65,8.58,0
2024-11-18,C0062,Sunglasses,32.46,5.73,0
2024-12-17,C0291,Desk Lamp,22.99,7.66,0
2024-10-24,C0120,Yoga Mat,27.43,0.0,1
2024-04-25,C0031,Yoga Mat,24.12,0.0,0
2024-06-26,C0255,Coffee Maker,42.61,14.21,0
2024-04-11,C0212,Water Bottle,15.06,0.0,0
2024-04-15,C0174,Bluetooth Speaker,41.62,0.0,0
2024-07-17,C0047,Winter Jacket,78.04,26.01,0
2024-02-19,C0045,Wireless Earbuds,57.74,0.0,0
2024-12-21,C0271,Winter Jacket,99.71,0.0,0
2024-04-26,C0177,Winter Jacket,94.71,16.71,0
2024-03-17,C0261,Desk Lamp,30.79,0.0,0
2024-08-26,C0247,Running Shoes,91.05,0.0,0
2024-06-03,C0283,Winter Jacket,85.21,28.41,0
2024-07-06,C0065,Running Shoes,66.73,22.24,0
2024-02-07,C0083,Wireless Earbuds,65.91,0.0,0
2024-09-10,C0106,Yoga Mat,22.53,0.0,0
2024-09-04,C0070,Running Shoes,90.35,0.0,0
2024-07-31,C0259,Water Bottle,14.58,0.0,0
2024-06-07,C0042,Winter Jacket,109.84,0.0,0
2024-08-29,C0063,Bluetooth Speaker,35.07,6.19,0
2024-09-13,C0095,Bluetooth Speaker,40.49,0.0,1
2024-11-12,C0194,Sunglasses,27.16,9.05,0
2024-09-28,C0153,Wireless Earbuds,61.89,0.0,0
2024-02-08,C0289,Wireless Earbuds,56.06,0.0,0
2024-07-14,C0060,Water Bottle,16.31,0.0,0
2024-12-10,C0218,Coffee Maker,44.26,7.81,0
2024-09-28,C0073,Yoga Mat,23.31,0.0,0
2024-09-25,C0095,Backpack,44.94,0.0,0
2024-03-16,C0164,Coffee Maker,50.35,0.0,0
2024-12-01,C0272,Wireless Earbuds,65.73,0.0,0
2024-01-10,C0042,Running Shoes,65.97,21.99,0
2024-02-23,C0175,Desk Lamp,21.33,7.11,0
2024-07-10,C0084,Coffee Maker,41.79,13.93,0
2024-12-14,C0105,Sunglasses,37.87,0.0,0
2024-04-20,C0221,Yoga Mat,21.54,3.8,0
2024-08-28,C0219,Backpack,47.12,0.0,0
2024-07-30,C0136,Water Bottle,13.32,2.35,0
2024-12-29,C0184,Bluetooth Speaker,41.57,0.0,0
2024-09-13,C0158,Running Shoes,87.61,0.0,0
2024-06-01,C0088,Wireless Earbuds,59.87,0.0,1
2024-08-12,C0272,Bluetooth Speaker,37.2,6.56,0
2024-06-22,C0287,Coffee Maker,47.86,8.45,1
2024-02-14,C0165,Desk Lamp,28.69,0.0,0
2024-07-30,C0106,Bluetooth Speaker,40.84,0.0,0
2024-07-07,C0289,Backpack,37.48,6.61,0
2024-08-12,C0121,Winter Jacket,111.66,0.0,0
2024-06-20,C0299,Running Shoes,88.75,0.0,0
2024-10-16,C0251,Wireless Earbuds,64.8,0.0,0
2024-05-25,C0265,Coffee Maker,59.6,0.0,0
2024-04-29,C0281,Backpack,44.86,0.0,0
2024-02-29,C0259,Backpack,44.72,0.0,0
2024-12-19,C0052,Water Bottle,15.88,0.0,0
2024-07-01,C0245,Bluetooth Speaker,36.13,6.38,1
2024-07-07,C0084,Water Bottle,13.65,2.41,0
2024-12-23,C0246,Backpack,34.25,11.41,0
2024-05-16,C0121,Bluetooth Speaker,30.64,5.41,0
2024-09-17,C0026,Winter Jacket,105.25,0.0,0
2024-05-08,C0299,Yoga Mat,27.06,0.0,0
2024-08-23,C0276,Yoga Mat,24.85,0.0,0
2024-06-25,C0238,Water Bottle,14.36,0.0,0
2024-02-05,C0059,Backpack,37.4,6.6,0
2024-03-11,C0231,Backpack,45.06,0.0,0
2024-03-26,C0093,Wireless Earbuds,57.77,0.0,0
2024-04-05,C0248,Yoga Mat,20.32,3.58,1
2024-02-18,C0083,Wireless Earbuds,53.56,9.45,0
2024-04-24,C0039,Wireless Earbuds,56.73,0.0,0
2024-07-17,C0065,Sunglasses,33.98,0.0,0
2024-10-03,C0168,Sunglasses,24.14,8.05,0
2024-02-17,C0173,Desk Lamp,31.15,0.0,0
2024-01-27,C0171,Backpack,32.15,10.72,0
2024-06-29,C0125,Wireless Earbuds,52.28,9.23,0
2024-11-02,C0003,Bluetooth Speaker,36.95,0.0,0
2024-11-08,C0040,Yoga Mat,25.62,0.0,0
2024-03-30,C0058,Water Bottle,15.22,0.0,0
2024-02-18,C0004,Desk Lamp,24.28,8.1,0
2024-04-02,C0265,Winter Jacket,87.81,15.49,0
2024-01-19,C0041,Wireless Earbuds,55.21,0.0,0
2024-02-24,C0183,Water Bottle,12.11,2.14,0
2024-08-31,C0232,Running Shoes,86.38,0.0,1
2024-01-30,C0217,Desk Lamp,26.41,4.66,0
2024-04-02,C0007,Running Shoes,86.39,0.0,0
2024-03-17,C0256,Running Shoes,91.28,0.0,0
2024-08-27,C0015,Wireless Earbuds,57.46,0.0,0
2024-09-29,C0169,Backpack,37.37,6.6,0
2024-05-09,C0037,Yoga Mat,26.68,0.0,0
2024-10-27,C0227,Winter Jacket,99.54,0.0,0
2024-05-14,C0046,Water Bottle,13.98,0.0,0
2024-12-14,C0265,Bluetooth Speaker,40.68,0.0,0
2024-05-11,C0249,Running Shoes,61.23,20.41,0
2024-10-10,C0017,Coffee Maker,41.0,13.66,0
2024-08-25,C0165,Running Shoes,78.57,13.86,0
2024-06-30,C0244,Backpack,41.28,0.0,0
2024-07-02,C0192,Backpack,47.36,0.0,0
2024-12-24,C0019,Coffee Maker,42.04,14.02,0
2024-07-15,C0023,Bluetooth Speaker,40.16,0.0,0
2024-06-25,C0085,Wireless Earbuds,62.14,0.0,0
2024-04-08,C0074,Wireless Earbuds,48.64,8.58,0
2024-04-03,C0286,Winter Jacket,114.5,0.0,0
2024-11-12,C0168,Bluetooth Speaker,43.01,0.0,0
2024-04-03,C0111,Desk Lamp,27.61,4.87,0
2024-03-13,C0185,Wireless Earbuds,41.18,13.73,0
2024-09-08,C0277,Wireless Earbuds,57.85,0.0,0
2024-03-14,C0114,Bluetooth Speaker,40.32,0.0,0
2024-08-23,C0277,Winter Jacket,89.3,15.76,0
2024-04-26,C0195,Yoga Mat,19.8,3.49,0
2024-02-04,C0157,Water Bottle,14.94,0.0,0
2024-02-24,C0165,Wireless Earbuds,55.14,0.0,0
2024-01-25,C0094,Winter Jacket,108.43,0.0,0
2024-02-07,C0059,Bluetooth Speaker,37.03,0.0,0
2024-10-17,C0197,Sunglasses,31.74,5.6,0
2024-10-09,C0261,Running Shoes,74.79,13.2,1
2024-02-06,C0059,Desk Lamp,27.95,0.0,0
2024-11-29,C0278,Yoga Mat,25.52,0.0,0
2024-04-24,C0040,Water Bottle,13.53,0.0,0
2024-10-19,C0231,Water Bottle,11.23,3.74,0
2024-02-05,C0255,Running Shoes,82.58,0.0,0
2024-12-09,C0174,Water Bottle,16.02,0.0,0
2024-05-21,C0149,Winter Jacket,110.32,0.0,0
2024-02-08,C0187,Sunglasses,29.76,5.25,0
2024-05-21,C0036,Running Shoes,66.56,22.18,0
2024-12-14,C0190,Backpack,37.4,6.6,0
2024-09-26,C0286,Desk Lamp,32.37,0.0,0
2024-11-27,C0187,Winter Jacket,100.63,0.0,0
2024-09-13,C0107,Bluetooth Speaker,43.98,0.0,0
2024-02-01,C0190,Desk Lamp,22.78,7.59,0
2024-03-10,C0286,Desk Lamp,23.47,7.83,0
2024-04-01,C0103,Desk Lamp,23.3,4.11,0
2024-05-28,C0238,Bluetooth Speaker,43.95,0.0,1
2024-06-16,C0199,Wireless Earbuds,60.94,0.0,0
2024-07-06,C0284,Wireless Earbuds,51.33,9.06,0
2024-05-21,C0272,Sunglasses,36.33,0.0,0
2024-09-16,C0209,Wireless Earbuds,54.04,9.54,1
2024-03-11,C0134,Running Shoes,69.83,23.28,0
2024-09-14,C0215,Coffee Maker,43.09,7.6,0
2024-06-16,C0263,Coffee Maker,58.32,0.0,1
2024-04-07,C0178,Yoga Mat,26.41,0.0,0
2024-01-21,C0154,Desk Lamp,31.06,0.0,0
2024-08-09,C0252,Backpack,32.52,10.84,0
2024-07-29,C0182,Desk Lamp,24.44,4.31,0
2024-11-11,C0076,Coffee Maker,54.14,0.0,0
2024-06-27,C0120,Yoga Mat,25.56,0.0,0
2024-05-05,C0043,Yoga Mat,18.61,6.21,0
2024-02-07,C0279,Bluetooth Speaker,29.57,9.86,0
2024-08-13,C0192,Wireless Earbuds,54.55,9.63,0
2024-02-29,C0192,Wireless Earbuds,55.06,0.0,0
2024-06-08,C0066,Desk Lamp,32.96,0.0,1
2024-02-03,C0234,Sunglasses,33.16,0.0,0
2024-03-26,C0192,Coffee Maker,49.77,0.0,0
2024-05-26,C0218,Winter Jacket,104.92,0.0,0
2024-10-24,C0063,Yoga Mat,21.96,3.88,0
2024-05-23,C0142,Coffee Maker,55.82,0.0,0
2024-01-22,C0167,Wireless Earbuds,56.51,0.0,0
2024-01-30,C0105,Wireless Earbuds,41.9,13.97,0
2024-07-11,C0119,Yoga Mat,25.06,0.0,0
2024-04-21,C0278,Yoga Mat,22.66,0.0,0
2024-09-11,C0201,Desk Lamp,23.53,4.15,0
2024-12-26,C0198,Sunglasses,23.82,7.94,0
2024-12-29,C0096,Winter Jacket,118.28,0.0,0
2024-12-02,C0103,Coffee Maker,59.73,0.0,0
2024-10-03,C0259,Running Shoes,78.78,0.0,0
2024-01-09,C0058,Coffee Maker,49.74,0.0,0
2024-10-14,C0251,Coffee Maker,55.24,0.0,0
2024-01-22,C0063,Backpack,40.82,7.2,1
2024-07-26,C0234,Wireless Earbuds,51.88,9.16,0
2024-03-29,C0219,Coffee Maker,42.82,14.27,1
2024-10-21,C0257,Water Bottle,14.91,0.0,0
2024-10-27,C0032,Sunglasses,35.7,0.0,0
2024-03-01,C0299,Yoga Mat,24.19,0.0,0
2024-08-20,C0277,Coffee Maker,44.8,7.91,0
2024-11-14,C0050,Backpack,40.79,0.0,0
2024-09-28,C0069,Yoga Mat,17.2,5.74,0
2024-07-10,C0260,Coffee Maker,58.19,0.0,0
2024-02-26,C0058,Sunglasses,34.42,0.0,0
2024-12-20,C0181,Bluetooth Speaker,43.43,0.0,0
2024-07-09,C0094,Wireless Earbuds,45.99,15.33,0
2024-07-04,C0241,Bluetooth Speaker,36.09,6.37,0
2024-04-05,C0124,Backpack,32.64,10.88,0
2024-08-17,C0215,Coffee Maker,44.9,7.92,0
2024-07-23,C0186,Backpack,41.13,7.26,0
2024-12-05,C0148,Bluetooth Speaker,42.17,0.0,0
2024-10-06,C0048,Water Bottle,16.38,0.0,0
2024-04-15,C0022,Desk Lamp,27.92,0.0,0
2024-12-06,C0157,Water Bottle,16.25,0.0,0
2024-04-06,C0267,Bluetooth Speaker,30.35,10.12,0
2024-01-06,C0282,Winter Jacket,75.71,25.24,0
2024-11-11,C0211,Yoga Mat,20.29,6.76,0
2024-04-04,C0214,Wireless Earbuds,62.44,0.0,1
2024-01-20,C0011,Water Bottle,12.33,4.11,0
2024-09-27,C0039,Water Bottle,11.65,2.06,0
2024-09-28,C0188,Yoga Mat,23.34,0.0,1
2024-10-13,C0018,Running Shoes,90.2,0.0,0
2024-12-22,C0064,Running Shoes,79.24,0.0,1
2024-04-18,C0178,Desk Lamp,21.66,7.22,0
2024-08-15,C0088,Wireless Earbuds,44.93,14.98,0
2024-09-10,C0081,Wireless Earbuds,48.56,16.18,0
2024-03-28,C0172,Backpack,43.39,0.0,0
2024-11-10,C0186,Running Shoes,82.02,0.0,0
2024-02-14,C0123,Desk Lamp,24.06,8.02,0
2024-12-22,C0116,Coffee Maker,42.01,14.01,0
2024-06-02,C0043,Running Shoes,59.28,19.76,0
2024-06-17,C0038,Running Shoes,71.92,12.69,0
2024-09-18,C0250,Yoga Mat,17.85,5.95,0
2024-04-15,C0002,Yoga Mat,17.74,5.92,0
2024-05-17,C0058,Water Bottle,15.16,0.0,0
2024-12-26,C0149,Sunglasses,32.5,5.73,0
2024-09-17,C0255,Sunglasses,35.86,0.0,0
2024-03-07,C0011,Water Bottle,14.29,0.0,0
2024-02-06,C0239,Water Bottle,10.68,3.56,0
2024-07-20,C0205,Desk Lamp,22.83,7.61,0
2024-11-12,C0134,Bluetooth Speaker,30.1,10.04,0
2024-09-10,C0262,Yoga Mat,26.73,0.0,0
2024-11-22,C0228,Winter Jacket,77.23,25.75,1
2024-05-31,C0147,Coffee Maker,44.0,7.76,1
2024-05-10,C0211,Bluetooth Speaker,42.59,0.0,0
2024-03-06,C0231,Water Bottle,12.79,2.26,0
2024-12-06,C0003,Sunglasses,33.92,0.0,0
2024-05-15,C0099,Coffee Maker,50.66,0.0,0
2024-12-29,C0022,Desk Lamp,32.01,0.0,0
2024-02-13,C0167,Winter Jacket,104.37,0.0,0
2024-08-12,C0244,Winter Jacket,102.9,0.0,0
2024-02-10,C0069,Running Shoes,85.97,0.0,0
2024-05-16,C0295,Yoga Mat,24.22,0.0,0
2024-01-27,C0133,Winter Jacket,83.09,27.7,0
2024-05-29,C0062,Water Bottle,15.47,0.0,0
2024-04-03,C0189,Winter Jacket,110.14,0.0,0
2024-07-01,C0204,Wireless Earbuds,55.27,0.0,0
2024-06-15,C0228,Bluetooth Speaker,27.79,9.26,0
2024-05-24,C0277,Water Bottle,14.32,0.0,0
2024-01-15,C0275,Backpack,41.63,0.0,1
2024-06-12,C0112,Water Bottle,14.41,0.0,0
2024-09-14,C0080,Running Shoes,73.7,13.01,0
2024-03-04,C0053,Sunglasses,33.81,0.0,0
2024-10-31,C0154,Running Shoes,73.66,13.0,0
2024-02-26,C0187,Coffee Maker,50.4,0.0,0
2024-04-23,C0218,Yoga Mat,27.08,0.0,0
2024-11-26,C0119,Yoga Mat,26.25,0.0,0
2024-07-23,C0089,Bluetooth Speaker,37.16,6.56,0
2024-02-01,C0253,Desk Lamp,24.24,8.08,0
2024-10-09,C0110,Sunglasses,33.35,0.0,0
2024-08-22,C0261,Running Shoes,83.15,0.0,0
2024-12-26,C0261,Winter Jacket,114.6,0.0,0
2024-12-18,C0023,Bluetooth Speaker,32.29,10.76,1
2024-12-14,C0147,Coffee Maker,50.82,0.0,0
2024-06-30,C0126,Backpack,44.92,0.0,0
2024-06-08,C0082,Desk Lamp,22.66,7.55,0
2024-11-18,C0057,Water Bottle,13.92,2.46,0
2024-06-12,C0180,Yoga Mat,18.65,6.22,0
2024-07-04,C0258,Bluetooth Speaker,35.78,6.31,0
2024-07-03,C0103,Yoga Mat,27.0,0.0,1
2024-06-11,C0211,Desk Lamp,27.62,4.87,0
2024-04-25,C0013,Backpack,43.36,0.0,0
2024-04-17,C0075,Water Bottle,16.2,0.0,0
2024-01-01,C0217,Running Shoes,85.82,0.0,1
2024-11-20,C0117,Yoga Mat,25.59,0.0,0
2024-03-21,C0283,Yoga Mat,23.75,0.0,1
2024-02-11,C0045,Backpack,42.2,0.0,1
2024-05-26,C0045,Yoga Mat,27.35,0.0,0
2024-07-14,C0001,Winter Jacket,116.72,0.0,0
2024-10-05,C0020,Water Bottle,15.9,0.0,0
2024-02-20,C0102,Sunglasses,27.42,9.14,0
2024-07-11,C0020,Water Bottle,15.57,0.0,0
2024-10-29,C0013,Bluetooth Speaker,41.84,0.0,0
2024-04-11,C0005,Water Bottle,13.63,0.0,0
2024-03-24,C0214,Winter Jacket,80.21,26.74,0
2024-11-28,C0097,Sunglasses,29.49,5.21,0
2024-10-07,C0016,Bluetooth Speaker,39.31,0.0,0
2024-04-23,C0234,Water Bottle,15.89,0.0,0
2024-04-24,C0051,Sunglasses,24.28,8.1,0
2024-07-17,C0048,Bluetooth Speaker,28.0,9.34,0
2024-06-26,C0156,Wireless Earbuds,54.36,0.0,0
2024-12-05,C0069,Yoga Mat,19.71,6.57,0
2024-03-15,C0047,Winter Jacket,111.58,0.0,0
2024-05-15,C0156,Winter Jacket,88.91,15.69,0
2024-11-23,C0029,Coffee Maker,59.51,0.0,0
2024-01-07,C0043,Desk Lamp,30.21,0.0,0
2024-02-09,C0280,Sunglasses,35.64,0.0,0
2024-06-24,C0215,Sunglasses,32.96,0.0,0
2024-03-14,C0196,Desk Lamp,24.47,8.15,0
2024-08-06,C0068,Running Shoes,77.84,0.0,1
2024-04-05,C0269,Wireless Earbuds,49.42,16.48,0
2024-05-02,C0208,Running Shoes,85.34,0.0,0
2024-01-21,C0025,Wireless Earbuds,60.95,0.0,0
2024-11-04,C0014,Yoga Mat,17.17,5.72,0
2024-07-20,C0130,Wireless Earbuds,42.67,14.22,0
2024-12-27,C0154,Running Shoes,86.77,0.0,0
2024-09-26,C0216,Sunglasses,25.61,8.54,0
2024-03-08,C0144,Wireless Earbuds,44.09,14.7,0
2024-07-22,C0119,Running Shoes,82.98,0.0,0
2024-01-09,C0061,Winter Jacket,103.24,0.0,0
2024-01-11,C0035,Wireless Earbuds,55.2,0.0,0
2024-11-05,C0168,Bluetooth Speaker,42.74,0.0,1
2024-06-12,C0269,Yoga Mat,22.55,0.0,0
2024-12-17,C0111,Coffee Maker,38.6,12.87,0
2024-05-09,C0240,Yoga Mat,22.61,3.99,0
2024-11-15,C0089,Wireless Earbuds,42.61,14.2,0
2024-09-01,C0230,Desk Lamp,25.76,4.54,0
2024-09-09,C0022,Backpack,40.54,0.0,0
2024-07-24,C0270,Desk Lamp,21.43,7.14,0
2024-07-01,C0289,Coffee Maker,60.03,0.0,0
2024-07-02,C0212,Backpack,41.7,7.36,0
2024-11-15,C0236,Desk Lamp,23.38,7.79,0
2024-12-06,C0223,Running Shoes,66.33,11.71,0
2024-07-04,C0112,Running Shoes,90.44,0.0,0
2024-04-30,C0299,Desk Lamp,32.55,0.0,0
2024-02-23,C0181,Bluetooth Speaker,42.07,0.0,1
2024-07-27,C0175,Sunglasses,34.93,0.0,0
2024-12-20,C0256,Yoga Mat,26.55,0.0,0
2024-03-01,C0060,Coffee Maker,51.97,0.0,0
2024-08-20,C0037,Winter Jacket,101.56,17.92,0
2024-02-23,C0022,Desk Lamp,30.11,0.0,0
2024-08-11,C0071,Backpack,42.96,0.0,0
2024-05-16,C0122,Desk Lamp,29.02,0.0,1
2024-02-15,C0293,Water Bottle,15.54,0.0,0
2024-05-06,C0063,Running Shoes,76.02,13.42,0
2024-08-15,C0049,Backpack,33.2,11.07,0
2024-05-26,C0078,Yoga Mat,19.41,3.42,1
2024-08-17,C0239,Backpack,46.76,0.0,0
2024-10-31,C0162,Sunglasses,37.46,0.0,0
2024-12-08,C0091,Running Shoes,65.75,11.6,0
2024-08-08,C0297,Running Shoes,90.76,0.0,0
2024-10-31,C0141,Bluetooth Speaker,43.8,0.0,0
2024-06-23,C0263,Wireless Earbuds,60.45,0.0,0
2024-11-06,C0078,Backpack,35.41,11.8,0
2024-02-10,C0005,Winter Jacket,98.05,17.3,0
2024-10-13,C0184,Wireless Earbuds,57.18,0.0,0
2024-11-12,C0118,Sunglasses,29.38,5.18,0
2024-07-02,C0111,Desk Lamp,26.92,4.75,0
2024-04-13,C0169,Running Shoes,79.46,0.0,0
2024-08-23,C0072,Wireless Earbuds,62.63,0.0,0
2024-09-07,C0271,Yoga Mat,24.67,0.0,0
2024-03-18,C0286,Sunglasses,35.14,0.0,1
2024-12-21,C0067,Wireless Earbuds,49.95,8.81,1
2024-01-10,C0270,Backpack,34.12,11.37,0
2024-08-30,C0036,Running Shoes,72.06,12.72,0
2024-07-23,C0074,Sunglasses,26.29,8.77,0
2024-12-15,C0213,Coffee Maker,50.78,0.0,0
2024-12-22,C0030,Coffee Maker,50.11,0.0,0
2024-06-13,C0176,Sunglasses,36.59,0.0,0
2024-10-19,C0008,Winter Jacket,114.53,0.0,0
2024-07-08,C0139,Yoga Mat,21.36,3.77,0
2024-05-26,C0118,Coffee Maker,45.75,8.07,0
2024-09-14,C0137,Wireless Earbuds,53.35,9.42,0
2024-07-16,C0236,Winter Jacket,116.99,0.0,0
2024-06-11,C0076,Running Shoes,77.68,0.0,0
2024-03-30,C0166,Backpack,44.87,0.0,0
2024-12-18,C0043,Desk Lamp,30.11,0.0,0
2024-08-01,C0181,Bluetooth Speaker,40.3,0.0,0
2024-11-25,C0085,Running Shoes,60.31,20.1,1
2024-08-16,C0057,Winter Jacket,92.65,16.35,0
2024-04-27,C0139,Bluetooth Speaker,41.54,0.0,1
2024-07-19,C0024,Winter Jacket,105.22,0.0,1
2024-07-09,C0116,Winter Jacket,101.87,17.98,0
2024-07-12,C0271,Yoga Mat,25.02,0.0,0
2024-02-06,C0069,Running Shoes,65.3,11.52,0
2024-03-13,C0037,Coffee Maker,44.24,7.81,0
2024-08-03,C0145,Yoga Mat,24.86,0.0,0
2024-03-12,C0035,Yoga Mat,23.26,0.0,0
2024-11-12,C0165,Water Bottle,13.57,0.0,0
2024-06-11,C0152,Running Shoes,81.47,0.0,0
2024-07-06,C0114,Winter Jacket,90.3,15.94,0
2024-04-11,C0078,Coffee Maker,47.61,8.4,0
2024-08-28,C0185,Backpack,40.97,7.23,0
2024-07-10,C0093,Yoga Mat,20.32,6.78,0
2024-01-04,C0080,Desk Lamp,30.16,0.0,0
2024-01-20,C0185,Water Bottle,14.87,0.0,1
2024-01-05,C0291,Desk Lamp,29.93,0.0,0
2024-12-18,C0254,Bluetooth Speaker,42.04,0.0,0
2024-06-09,C0108,Bluetooth Speaker,34.48,6.08,0
2024-07-11,C0180,Coffee Maker,49.56,0.0,0
2024-08-09,C0266,Winter Jacket,83.66,27.89,0
2024-02-02,C0023,Winter Jacket,103.71,0.0,0
2024-08-17,C0080,Coffee Maker,56.31,0.0,0
2024-04-21,C0251,Winter Jacket,82.49,27.5,0
2024-08-22,C0091,Coffee Maker,60.29,0.0,0
2024-05-02,C0168,Running Shoes,62.23,20.75,0
2024-06-02,C0253,Winter Jacket,113.91,0.0,0
2024-10-26,C0011,Wireless Earbuds,57.36,0.0,0
2024-09-25,C0200,Wireless Earbuds,52.49,9.26,0
2024-07-18,C0215,Bluetooth Speaker,41.81,0.0,0
2024-05-27,C0032,Desk Lamp,32.53,0.0,0
2024-04-03,C0285,Wireless Earbuds,47.62,15.87,0
2024-06-02,C0113,Yoga Mat,22.84,4.03,0
2024-05-08,C0095,Wireless Earbuds,48.17,16.05,0
2024-01-02,C0278,Desk Lamp,31.22,0.0,0
2024-01-27,C0185,Desk Lamp,23.49,7.83,0
2024-04-07,C0283,Coffee Maker,38.75,12.91,0
2024-12-22,C0217,Winter Jacket,81.09,27.03,0
2024-01-05,C0181,Sunglasses,28.71,9.57,0
2024-05-01,C0082,Coffee Maker,56.06,0.0,0
2024-07-30,C0110,Winter Jacket,116.35,0.0,0
2024-06-08,C0156,Backpack,42.76,0.0,0
2024-05-17,C0033,Desk Lamp,30.17,0.0,0
2024-07-09,C0274,Wireless Earbuds,61.68,0.0,0
2024-03-17,C0054,Water Bottle,10.22,3.41,0
2024-03-09,C0080,Running Shoes,81.94,0.0,1
2024-12-19,C0045,Wireless Earbuds,47.54,8.39,0
2024-06-29,C0262,Running Shoes,78.17,13.79,0
2024-09-15,C0289,Bluetooth Speaker,43.92,0.0,0
2024-12-13,C0206,Sunglasses,38.25,0.0,0
2024-04-17,C0113,Wireless Earbuds,58.26,0.0,0
2024-05-25,C0250,Wireless Earbuds,60.94,0.0,0
2024-11-25,C0287,Backpack,42.65,0.0,0
2024-06-04,C0235,Desk Lamp,32.74,0.0,0
2024-04-13,C0202,Bluetooth Speaker,34.85,6.15,0
2024-09-27,C0297,Backpack,47.38,0.0,0
2024-01-27,C0256,Backpack,35.04,11.68,0
2024-05-14,C0128,Bluetooth Speaker,28.51,9.5,0
2024-09-09,C0038,Desk Lamp,24.37,8.12,0
2024-03-01,C0234,Winter Jacket,86.0,15.18,0
2024-07-29,C0046,Wireless Earbuds,64.47,0.0,0
2024-08-18,C0027,Wireless Earbuds,63.82,0.0,0
2024-10-05,C0230,Winter Jacket,117.74,0.0,0
2024-03-22,C0060,Wireless Earbuds,48.19,16.07,0
2024-04-19,C0171,Winter Jacket,86.06,28.69,1
2024-03-24,C0090,Coffee Maker,51.91,0.0,0
2024-10-03,C0271,Desk Lamp,25.27,4.46,0
2024-05-09,C0206,Desk Lamp,27.55,0.0,1
2024-03-26,C0166,Bluetooth Speaker,42.46,0.0,0
2024-11-14,C0248,Wireless Earbuds,65.1,0.0,0
2024-03-16,C0224,Winter Jacket,114.85,0.0,0
2024-01-17,C0131,Sunglasses,34.93,0.0,0
2024-02-20,C0087,Running Shoes,60.63,20.21,0
2024-06-07,C0223,Backpack,43.67,0.0,0
2024-09-22,C0074,Wireless Earbuds,62.93,0.0,0
2024-08-03,C0152,Sunglasses,33.39,0.0,0
2024-02-08,C0220,Yoga Mat,25.48,0.0,0
2024-03-01,C0193,Desk Lamp,30.35,0.0,0
2024-10-11,C0204,Wireless Earbuds,62.74,0.0,0
2024-03-30,C0279,Backpack,40.56,7.16,1
2024-02-24,C0220,Desk Lamp,27.28,4.81,0
2024-01-11,C0178,Yoga Mat,20.3,6.77,0
2024-11-04,C0080,Desk Lamp,27.28,0.0,0
2024-11-16,C0047,Water Bottle,13.88,0.0,0
2024-06-05,C0234,Winter Jacket,89.37,15.77,0
2024-01-28,C0153,Water Bottle,13.52,2.38,0
2024-04-13,C0017,Sunglasses,35.32,0.0,0
2024-11-29,C0007,Coffee Maker,50.79,0.0,0
2024-07-23,C0041,Wireless Earbuds,44.52,14.84,0
2024-10-16,C0234,Running Shoes,88.99,0.0,0
2024-12-17,C0275,Wireless Earbuds,55.98,0.0,0
2024-08-05,C0188,Wireless Earbuds,51.07,9.01,0
2024-02-09,C0279,Yoga Mat,25.78,0.0,0
2024-02-20,C0055,Desk Lamp,31.36,0.0,0
2024-03-16,C0266,Sunglasses,36.0,0.0,0
2024-10-08,C0203,Coffee Maker,56.27,0.0,0
2024-11-12,C0028,Backpack,40.62,7.17,0
2024-10-28,C0055,Bluetooth Speaker,34.17,6.03,0
2024-11-13,C0027,Bluetooth Speaker,35.45,6.26,0
2024-08-04,C0101,Wireless Earbuds,54.99,9.71,0
2024-06-11,C0269,Yoga Mat,22.88,0.0,0
2024-09-16,C0069,Backpack,36.1,12.03,0
2024-12-25,C0142,Bluetooth Speaker,37.04,0.0,0
2024-07-27,C0007,Yoga Mat,18.96,6.32,0
2024-06-20,C0049,Wireless Earbuds,58.43,0.0,0
2024-04-02,C0179,Bluetooth Speaker,42.36,0.0,0
2024-11-11,C0271,Running Shoes,62.06,20.69,0
2024-02-19,C0238,Winter Jacket,92.11,16.26,0
2024-07-31,C0026,Yoga Mat,19.73,6.58,0
2024-05-05,C0161,Yoga Mat,26.53,0.0,0
2024-12-11,C0169,Winter Jacket,100.9,0.0,0
2024-10-27,C0094,Water Bottle,13.53,2.39,0
2024-04-20,C0091,Coffee Maker,55.23,0.0,0
2024-05-28,C0249,Running Shoes,57.98,19.33,0
2024-07-21,C0011,Sunglasses,36.29,0.0,0
2024-03-22,C0076,Sunglasses,37.45,0.0,0
2024-07-12,C0103,Desk Lamp,31.04,0.0,0
2024-07-23,C0169,Desk Lamp,27.99,4.94,0
2024-09-25,C0056,Sunglasses,37.42,0.0,0
2024-10-30,C0228,Running Shoes,70.91,12.51,0
2024-08-14,C0010,Wireless Earbuds,46.93,15.64,1
2024-06-21,C0116,Water Bottle,14.08,0.0,0
2024-01-07,C0078,Backpack,33.27,11.09,0
2024-01-06,C0089,Winter Jacket,105.32,0.0,0
2024-08-01,C0225,Winter Jacket,114.59,0.0,0
2024-09-14,C0259,Backpack,47.34,0.0,0
2024-04-03,C0199,Running Shoes,59.64,19.88,1
2024-08-28,C0080,Sunglasses,31.75,0.0,0
2024-02-03,C0280,Water Bottle,16.22,0.0,0
2024-04-09,C0164,Coffee Maker,58.44,0.0,0
2024-01-31,C0179,Desk Lamp,21.15,7.05,0
2024-07-18,C0156,Bluetooth Speaker,28.94,9.65,0
2024-03-23,C0233,Coffee Maker,45.29,7.99,0
2024-02-26,C0096,Desk Lamp,29.85,0.0,0
2024-08-03,C0219,Water Bottle,12.82,2.26,0
2024-07-30,C0225,Wireless Earbuds,58.12,0.0,0
2024-09-07,C0013,Bluetooth Speaker,39.55,0.0,0
2024-07-26,C0287,Bluetooth Speaker,28.86,9.62,0
2024-01-02,C0021,Water Bottle,11.03,3.67,0
2024-03-19,C0239,Yoga Mat,23.02,0.0,0
2024-05-28,C0217,Bluetooth Speaker,37.37,0.0,1
2024-02-24,C0252,Backpack,40.59,0.0,0
2024-06-25,C0132,Wireless Earbuds,55.23,0.0,0
2024-10-04,C0051,Desk Lamp,23.29,4.11,0
2024-09-02,C0145,Water Bottle,13.71,0.0,0
2024-08-10,C0066,Coffee Maker,57.55,0.0,1
2024-12-17,C0272,Wireless Earbuds,56.53,0.0,0
2024-06-25,C0177,Desk Lamp,26.41,4.66,0
2024-04-30,C0239,Winter Jacket,97.1,17.14,0
2024-09-14,C0091,Desk Lamp,30.14,0.0,0
2024-08-07,C0085,Sunglasses,34.62,0.0,0
2024-10-17,C0115,Coffee Maker,39.94,13.31,1
2024-04-24,C0024,Winter Jacket,107.7,0.0,0
2024-06-04,C0189,Coffee Maker,43.42,14.47,0
2024-09-15,C0008,Wireless Earbuds,64.08,0.0,0
2024-07-27,C0106,Coffee Maker,56.08,0.0,1
2024-06-26,C0011,Winter Jacket,95.97,16.94,0
2024-08-30,C0182,Coffee Maker,51.2,9.03,0
2024-05-31,C0059,Winter Jacket,96.76,17.08,0
2024-03-06,C0227,Running Shoes,71.46,12.61,0
2024-05-29,C0025,Running Shoes,92.27,0.0,0
2024-09-07,C0114,Desk Lamp,31.22,0.0,0
2024-11-26,C0152,Water Bottle,13.11,2.31,0
2024-02-22,C0144,Coffee Maker,52.69,0.0,0
2024-05-20,C0028,Bluetooth Speaker,42.51,0.0,0
2024-08-25,C0274,Winter Jacket,110.37,0.0,0
2024-02-08,C0043,Desk Lamp,24.62,4.34,0
2024-08-27,C0237,Running Shoes,65.18,11.5,0
2024-03-08,C0077,Sunglasses,26.05,8.68,0
2024-01-09,C0149,Yoga Mat,17.5,5.83,1
2024-11-18,C0095,Wireless Earbuds,60.05,0.0,0
2024-10-05,C0210,Coffee Maker,51.34,0.0,0
2024-08-12,C0186,Wireless Earbuds,59.6,0.0,0
2024-06-19,C0225,Backpack,41.81,0.0,0
2024-05-03,C0035,Backpack,44.46,0.0,0
2024-03-09,C0072,Backpack,30.69,10.23,0
2024-05-16,C0260,Sunglasses,34.5,0.0,0
2024-05-04,C0263,Water Bottle,12.92,2.28,0
2024-02-26,C0155,Bluetooth Speaker,32.95,5.81,1
2024-10-06,C0199,Coffee Maker,46.9,8.28,0
2024-05-26,C0216,Water Bottle,14.8,0.0,0
2024-11-16,C0184,Backpack,43.28,0.0,0
2024-08-28,C0082,Backpack,43.4,0.0,0
2024-08-12,C0281,Running Shoes,65.89,21.96,0
2024-09-27,C0123,Backpack,46.64,0.0,0
2024-02-03,C0095,Coffee Maker,54.03,0.0,0
2024-10-02,C0137,Bluetooth Speaker,43.17,0.0,0
2024-04-27,C0068,Yoga Mat,22.58,3.98,0
2024-06-01,C0277,Bluetooth Speaker,43.85,0.0,0
2024-01-18,C0286,Desk Lamp,27.8,0.0,0
2024-07-14,C0162,Winter Jacket,94.94,16.75,0
2024-07-05,C0238,Bluetooth Speaker,38.6,0.0,0
2024-09-25,C0065,Bluetooth Speaker,37.59,0.0,1
2024-10-17,C0163,Sunglasses,27.02,4.77,0
2024-04-06,C0112,Coffee Maker,40.6,13.53,0
2024-08-24,C0276,Sunglasses,38.44,0.0,0
2024-09-09,C0291,Winter Jacket,88.48,15.61,0
2024-12-02,C0125,Sunglasses,26.37,8.79,0
2024-04-29,C0272,Water Bottle,15.47,0.0,0
2024-01-17,C0159,Running Shoes,68.08,22.7,0
2024-06-06,C0036,Sunglasses,24.58,8.2,0
2024-03-31,C0152,Backpack,48.06,0.0,0
2024-07-07,C0154,Winter Jacket,87.59,15.46,0
2024-05-01,C0257,Backpack,31.31,10.44,0
2024-12-08,C0194,Bluetooth Speaker,37.72,0.0,0
2024-02-23,C0166,Sunglasses,36.26,0.0,0
2024-08-10,C0098,Wireless Earbuds,48.84,16.28,0
2024-09-29,C0122,Backpack,35.8,6.32,0
2024-01-15,C0207,Running Shoes,83.83,0.0,0
2024-05-12,C0053,Coffee Maker,54.76,0.0,0
2024-06-14,C0278,Desk Lamp,26.85,4.74,0
2024-04-23,C0119,Yoga Mat,22.85,0.0,0
2024-04-08,C0280,Running Shoes,68.29,12.05,0
2024-09-28,C0231,Desk Lamp,28.36,0.0,0
2024-08-01,C0088,Running Shoes,78.87,0.0,0
2024-10-05,C0072,Coffee Maker,59.64,0.0,0
2024-06-12,C0137,Bluetooth Speaker,29.23,9.74,1
2024-07-29,C0079,Yoga Mat,19.63,3.47,0
2024-01-16,C0287,Yoga Mat,24.23,0.0,0
2024-08-27,C0216,Yoga Mat,16.99,5.66,0
2024-08-11,C0111,Desk Lamp,27.56,0.0,0
2024-05-25,C0092,Water Bottle,16.2,0.0,0
2024-06-08,C0282,Water Bottle,14.23,0.0,0
2024-02-23,C0241,Backpack,44.25,0.0,0
2024-06-20,C0152,Coffee Maker,49.44,8.72,0
2024-12-20,C0237,Wireless Earbuds,41.25,13.75,0
2024-05-06,C0114,Coffee Maker,59.58,0.0,0
2024-08-26,C0023,Winter Jacket,74.91,24.97,0
2024-03-01,C0254,Coffee Maker,54.06,0.0,0
2024-10-30,C0210,Water Bottle,12.12,4.04,0
2024-02-29,C0135,Wireless Earbuds,48.36,16.12,0
2024-10-08,C0057,Water Bottle,14.8,0.0,0
2024-08-02,C0010,Winter Jacket,110.4,0.0,0
2024-10-16,C0120,Coffee Maker,47.85,8.44,0
2024-09-15,C0094,Running Shoes,62.88,20.96,0
2024-10-16,C0115,Desk Lamp,20.86,6.95,0
2024-07-30,C0195,Running Shoes,83.62,0.0,0
2024-11-04,C0177,Yoga Mat,27.12,0.0,0
2024-10-02,C0184,Desk Lamp,23.15,7.72,0
2024-05-26,C0252,Winter Jacket,85.67,28.56,0
2024-05-10,C0008,Bluetooth Speaker,38.4,0.0,0
2024-07-05,C0282,Wireless Earbuds,41.33,13.78,0
2024-01-28,C0259,Running Shoes,78.42,0.0,0
2024-02-14,C0159,Backpack,39.28,6.93,0
2024-08-27,C0230,Wireless Earbuds,64.84,0.0,1
2024-09-26,C0141,Desk Lamp,21.83,7.28,0
2024-03-09,C0236,Winter Jacket,119.19,0.0,0
2024-10-20,C0139,Desk Lamp,27.63,4.88,0
2024-03-26,C0038,Desk Lamp,28.65,0.0,0
2024-10-18,C0231,Coffee Maker,52.82,0.0,0
2024-05-27,C0150,Running Shoes,69.07,12.19,0
2024-12-13,C0053,Water Bottle,14.36,0.0,0
2024-05-14,C0111,Backpack,41.73,7.36,0
2024-07-07,C0016,Sunglasses,31.52,0.0,0
2024-04-03,C0008,Sunglasses,34.44,0.0,0
2024-10-03,C0022,Bluetooth Speaker,32.07,5.66,0
2024-08-28,C0044,Desk Lamp,27.5,0.0,0
2024-03-27,C0172,Backpack,32.52,10.84,0
